serial number,account_info,duration_month,Loan,Regularity,Purpose,credit_amount,savings_account,Saving Account,employment_st,Salary,investment,Gender,Status,gurantors,resident_since,property_type,age,installment_type,housing_type,credits_no,job_type,liables,telephone,foreigner
1,BRONZE,6,YES,NO,A40,1169,A65,NA,A75,852,34.08,M,Umarried,A101,4,A121,67,A143,A152,2,A173,1,A192,A201
2,SILVER,48,YES,YES,A40,5951,A61,72,A73,2400,48,F,Divorced,A101,2,A121,22,A143,A152,1,A173,1,A191,A201
3,NA,12,YES,NO,A46,2096,A61,68,A74,2078,41.56,M,Umarried,A101,3,A121,49,A143,A152,1,A172,2,A191,A201
4,BRONZE,42,YES,YES,A40,7882,A61,73,A74,2380,47.6,M,Umarried,A103,4,A122,45,A143,A153,1,A173,2,A191,A201
5,BRONZE,24,YES,NO,A40,4870,A61,52,A73,1756,52.68,M,Umarried,A101,4,A124,53,A143,A153,2,A173,2,A191,A201
6,NA,36,YES,YES,A46,9055,A65,NA,A73,2363,47.26,M,Umarried,A101,4,A124,35,A143,A153,1,A172,2,A192,A201
7,NA,24,YES,YES,A40,2835,A63,990,A75,1567,47.01,M,Umarried,A101,4,A122,53,A143,A152,1,A173,1,A191,A201
8,SILVER,36,YES,YES,A40,6948,A61,98,A73,2305,46.1,M,Umarried,A101,2,A123,35,A143,A151,1,A174,1,A192,A201
9,NA,12,YES,YES,A40,3059,A64,2641,A74,1891,37.82,M,Divorced,A101,4,A121,61,A143,A152,1,A172,1,A191,A201
10,SILVER,30,YES,NO,A40,5234,A61,14,A71,964,38.56,M,Married,A101,2,A123,28,A143,A152,2,A174,1,A191,A201
11,SILVER,12,YES,YES,A40,1295,A61,90,A72,1787,53.61,F,Divorced,A101,1,A123,25,A143,A151,1,A173,1,A191,A201
12,BRONZE,48,YES,YES,A49,4308,A61,28,A72,1770,53.1,F,Divorced,A101,4,A122,24,A143,A151,1,A173,1,A191,A201
13,SILVER,12,YES,YES,A40,1567,A61,33,A73,2847,28.47,F,Divorced,A101,1,A123,22,A143,A152,1,A173,1,A192,A201
14,BRONZE,24,YES,NO,A40,1199,A61,33,A75,781,31.24,M,Umarried,A101,4,A123,60,A143,A152,2,A172,1,A191,A201
15,BRONZE,15,YES,YES,A40,1403,A61,64,A73,2165,43.3,F,Divorced,A101,4,A123,28,A143,A151,1,A173,1,A191,A201
16,BRONZE,24,YES,YES,A40,1282,A62,408,A73,844,33.76,F,Divorced,A101,2,A123,32,A143,A152,1,A172,1,A191,A201
17,NA,24,YES,NO,A40,2424,A65,NA,A75,760,30.4,M,Umarried,A101,4,A122,53,A143,A152,2,A173,1,A191,A201
18,BRONZE,30,NO,YES,A49,8072,A65,NA,A72,1888,37.76,M,Umarried,A101,3,A123,25,A141,A152,3,A173,1,A191,A201
19,SILVER,24,YES,YES,A40,12579,A61,47,A75,770,30.8,F,Divorced,A101,2,A124,44,A143,A153,1,A174,1,A192,A201
20,NA,24,YES,YES,A40,3430,A63,559,A75,1649,49.47,M,Umarried,A101,2,A123,31,A143,A152,1,A173,2,A192,A201
21,NA,9,YES,NO,A40,2134,A61,16,A73,1111,44.44,M,Umarried,A101,4,A123,48,A143,A152,3,A173,1,A192,A201
22,BRONZE,6,YES,YES,A40,2647,A63,790,A73,2445,48.9,M,Umarried,A101,3,A121,44,A143,A151,1,A173,2,A191,A201
23,BRONZE,10,YES,NO,A40,2241,A61,87,A72,3294,32.94,M,Umarried,A101,3,A121,48,A143,A151,2,A172,2,A191,A202
24,SILVER,12,YES,NO,A40,1804,A62,473,A72,1333,39.99,M,Umarried,A101,4,A122,44,A143,A152,1,A173,1,A191,A201
25,NA,10,YES,NO,A40,2069,A65,NA,A73,2569,51.38,M,Married,A101,1,A123,26,A143,A152,2,A173,1,A191,A202
26,BRONZE,6,YES,YES,A40,1374,A61,35,A73,3354,33.54,M,Umarried,A101,2,A121,36,A141,A152,1,A172,1,A192,A201
27,NA,6,NO,YES,A40,426,A61,76,A75,714,28.56,M,Married,A101,4,A123,39,A143,A152,1,A172,1,A191,A201
28,GOLD,12,NO,YES,A40,409,A64,1875,A73,1382,41.46,F,Divorced,A101,3,A121,42,A143,A151,2,A173,1,A191,A201
29,SILVER,7,YES,YES,A40,2415,A61,31,A73,1486,44.58,M,Umarried,A103,2,A121,34,A143,A152,1,A173,1,A191,A201
30,BRONZE,60,YES,NO,A49,6836,A61,81,A75,1466,43.98,M,Umarried,A101,4,A124,63,A143,A152,2,A173,1,A192,A201
31,SILVER,18,YES,YES,A49,1913,A64,1106,A72,1432,42.96,M,Married,A101,3,A121,36,A141,A152,1,A173,1,A192,A201
32,BRONZE,24,YES,YES,A40,4020,A61,87,A73,2090,41.8,M,Umarried,A101,2,A123,27,A142,A152,1,A173,1,A191,A201
33,SILVER,18,YES,YES,A40,5866,A62,146,A73,2022,40.44,M,Umarried,A101,2,A123,30,A143,A152,2,A173,1,A192,A201
34,NA,12,YES,NO,A49,1264,A65,NA,A75,816,32.64,M,Umarried,A101,4,A124,57,A143,A151,1,A172,1,A191,A201
35,GOLD,12,YES,YES,A40,1474,A61,56,A72,766,30.64,F,Divorced,A101,1,A122,33,A141,A152,1,A174,1,A192,A201
36,SILVER,45,YES,NO,A40,4746,A61,55,A72,1044,41.76,M,Umarried,A101,2,A122,25,A143,A152,2,A172,1,A191,A201
37,NA,48,YES,NO,A46,6110,A61,72,A73,3107,31.07,M,Umarried,A101,3,A124,31,A141,A153,1,A173,1,A192,A201
38,GOLD,18,YES,YES,A40,2100,A61,62,A73,936,37.44,M,Umarried,A102,2,A121,37,A142,A152,1,A173,1,A191,A201
39,GOLD,10,YES,YES,A40,1225,A61,27,A73,2129,42.58,M,Umarried,A101,2,A123,37,A143,A152,1,A173,1,A192,A201
40,SILVER,9,YES,YES,A40,458,A61,32,A73,966,38.64,M,Umarried,A101,3,A121,24,A143,A152,1,A173,1,A191,A201
41,NA,30,YES,YES,A40,2333,A63,504,A75,1129,45.16,M,Umarried,A101,2,A123,30,A141,A152,1,A174,1,A191,A201
42,SILVER,12,YES,YES,A40,1158,A63,996,A73,1406,42.18,M,Divorced,A101,1,A123,26,A143,A152,1,A173,1,A192,A201
43,SILVER,18,YES,NO,A40,6204,A61,95,A73,2401,48.02,M,Umarried,A101,4,A121,44,A143,A152,1,A172,2,A192,A201
44,BRONZE,30,YES,NO,A40,6187,A62,182,A74,3328,33.28,M,Married,A101,4,A123,24,A143,A151,2,A173,1,A191,A201
45,BRONZE,48,YES,NO,A40,6143,A61,22,A75,1133,45.32,F,Divorced,A101,4,A124,58,A142,A153,2,A172,1,A191,A201
46,NA,11,YES,NO,A40,1393,A61,18,A72,918,36.72,F,Divorced,A101,4,A123,35,A143,A152,2,A174,1,A191,A201
47,NA,36,YES,YES,A40,2299,A63,912,A75,706,28.24,M,Umarried,A101,4,A123,39,A143,A152,1,A173,1,A191,A201
48,BRONZE,6,YES,YES,A40,1352,A63,924,A71,2615,26.15,F,Divorced,A101,2,A122,23,A143,A151,1,A171,1,A192,A201
49,NA,11,YES,NO,A40,7228,A61,14,A73,2752,27.52,M,Umarried,A101,4,A122,39,A143,A152,2,A172,1,A191,A201
50,NA,12,YES,YES,A40,2073,A62,173,A73,958,38.32,F,Divorced,A102,2,A121,28,A143,A152,1,A173,1,A191,A201
51,SILVER,24,YES,NO,A40,2333,A65,NA,A72,700,28,M,Umarried,A101,2,A122,29,A141,A152,1,A172,1,A191,A201
52,SILVER,27,YES,NO,A40,5965,A61,35,A75,3172,31.72,M,Umarried,A101,2,A123,30,A143,A152,2,A174,1,A192,A201
53,NA,12,YES,YES,A40,1262,A61,68,A73,1340,40.2,M,Umarried,A101,2,A123,25,A143,A152,1,A173,1,A191,A201
54,NA,18,YES,YES,A40,3378,A65,NA,A73,1838,36.76,M,Umarried,A101,1,A122,31,A143,A152,1,A173,1,A192,A201
55,SILVER,36,YES,NO,A40,2225,A61,34,A75,794,31.76,M,Umarried,A101,4,A124,57,A141,A153,2,A173,1,A192,A201
56,NA,6,NO,YES,A40,783,A65,NA,A73,2813,28.13,M,Umarried,A103,2,A121,26,A142,A152,1,A172,2,A191,A201
57,SILVER,12,YES,YES,A40,6468,A65,NA,A71,2015,40.3,M,Umarried,A101,1,A124,52,A143,A152,1,A174,1,A192,A201
58,NA,36,YES,NO,A40,9566,A61,79,A73,1820,36.4,F,Divorced,A101,2,A123,31,A142,A152,2,A173,1,A191,A201
59,GOLD,18,YES,YES,A40,1961,A61,95,A75,1521,45.63,F,Divorced,A101,2,A123,23,A143,A152,1,A174,1,A191,A201
60,BRONZE,36,YES,NO,A40,6229,A61,96,A72,944,37.76,F,Divorced,A102,4,A124,23,A143,A151,2,A172,1,A192,A201
61,SILVER,9,YES,YES,A49,1391,A61,56,A73,2158,43.16,M,Married,A101,1,A121,27,A141,A152,1,A173,1,A192,A201
62,SILVER,15,YES,NO,A40,1537,A65,NA,A75,1179,47.16,M,Umarried,A103,4,A121,50,A143,A152,2,A173,1,A192,A201
63,SILVER,36,NO,YES,A49,1953,A61,80,A75,1019,40.76,M,Umarried,A101,4,A124,61,A143,A153,1,A174,1,A192,A201
64,SILVER,48,NO,YES,A49,14421,A61,96,A73,2399,47.98,M,Umarried,A101,2,A123,25,A143,A152,1,A173,1,A192,A201
65,NA,24,YES,YES,A40,3181,A61,1,A72,1077,43.08,F,Divorced,A101,4,A122,26,A143,A152,1,A173,1,A192,A201
66,NA,27,YES,YES,A40,5190,A65,NA,A75,831,33.24,M,Umarried,A101,4,A122,48,A143,A152,4,A173,2,A192,A201
67,NA,12,YES,YES,A40,2171,A61,48,A72,1810,36.2,F,Divorced,A101,2,A123,29,A141,A152,1,A173,1,A191,A201
68,SILVER,12,YES,YES,A40,1007,A64,1849,A73,702,28.08,M,Married,A101,1,A121,22,A143,A152,1,A173,1,A191,A201
69,NA,36,YES,YES,A46,1819,A61,87,A73,760,30.4,M,Umarried,A101,4,A124,37,A142,A153,1,A173,1,A192,A201
70,NA,36,YES,YES,A40,2394,A65,NA,A73,771,30.84,F,Divorced,A101,4,A123,25,A143,A152,1,A173,1,A191,A201
71,NA,36,YES,YES,A40,8133,A61,93,A73,2995,29.95,F,Divorced,A101,2,A122,30,A141,A152,1,A173,1,A191,A201
72,NA,7,YES,NO,A40,730,A65,NA,A75,731,29.24,M,Umarried,A101,2,A122,46,A143,A151,2,A172,1,A192,A201
73,BRONZE,8,YES,NO,A410,1164,A61,93,A75,1697,50.91,M,Umarried,A101,4,A124,51,A141,A153,2,A174,2,A192,A201
74,SILVER,42,YES,NO,A49,5954,A61,50,A74,2018,40.36,F,Divorced,A101,1,A121,41,A141,A152,2,A172,1,A191,A201
75,BRONZE,36,YES,YES,A46,1977,A65,NA,A75,932,37.28,M,Umarried,A101,4,A124,40,A143,A152,1,A174,1,A192,A201
76,BRONZE,12,YES,NO,A40,1526,A61,38,A75,920,36.8,M,Umarried,A101,4,A124,66,A143,A153,2,A174,1,A191,A201
77,BRONZE,42,YES,YES,A40,3965,A61,93,A72,1026,41.04,M,Umarried,A101,3,A123,34,A143,A152,1,A173,1,A191,A201
78,SILVER,11,YES,NO,A40,4771,A61,93,A74,2259,45.18,M,Umarried,A101,4,A122,51,A143,A152,1,A173,1,A191,A201
79,NA,54,NO,YES,A40,9436,A65,NA,A73,2136,42.72,M,Umarried,A101,2,A122,39,A143,A152,1,A172,2,A191,A201
80,SILVER,30,YES,YES,A40,3832,A61,40,A72,2512,50.24,M,Married,A101,1,A122,22,A143,A152,1,A173,1,A191,A201
81,NA,24,YES,YES,A40,5943,A65,NA,A72,2639,26.39,F,Divorced,A101,1,A123,44,A143,A152,2,A173,1,A192,A201
82,NA,15,YES,YES,A40,1213,A63,686,A75,1116,44.64,M,Umarried,A101,3,A122,47,A142,A152,1,A173,1,A192,A201
83,NA,18,YES,YES,A49,1568,A62,107,A73,1246,37.38,F,Divorced,A101,4,A122,24,A143,A151,1,A172,1,A191,A201
84,BRONZE,24,YES,YES,A410,1755,A61,39,A75,1157,46.28,F,Divorced,A103,4,A121,58,A143,A152,1,A172,1,A192,A201
85,BRONZE,10,YES,YES,A40,2315,A61,55,A75,1580,47.4,M,Umarried,A101,4,A121,52,A143,A152,1,A172,1,A191,A201
86,NA,12,YES,NO,A49,1412,A61,97,A73,797,31.88,F,Divorced,A103,2,A121,29,A143,A152,2,A174,1,A192,A201
87,SILVER,18,YES,NO,A40,1295,A61,81,A72,1070,42.8,F,Divorced,A101,1,A122,27,A143,A152,2,A173,1,A191,A201
88,SILVER,36,YES,YES,A46,12612,A62,420,A73,3361,33.61,M,Umarried,A101,4,A124,47,A143,A153,1,A173,2,A192,A201
89,BRONZE,18,YES,YES,A40,2249,A62,158,A74,1150,46,M,Umarried,A101,3,A123,30,A143,A152,1,A174,2,A192,A201
90,BRONZE,12,NO,YES,A40,1108,A61,20,A74,961,38.44,M,Umarried,A101,3,A121,28,A143,A152,2,A173,1,A191,A201
91,NA,12,YES,NO,A40,618,A61,17,A75,950,38,M,Umarried,A101,4,A121,56,A143,A152,1,A173,1,A191,A201
92,BRONZE,12,YES,NO,A40,1409,A61,46,A75,1100,44,M,Umarried,A101,3,A121,54,A143,A152,1,A173,1,A191,A201
93,NA,12,YES,NO,A40,797,A65,NA,A75,1017,40.68,F,Divorced,A101,3,A122,33,A141,A152,1,A172,2,A191,A201
94,GOLD,24,YES,NO,A40,3617,A65,NA,A75,1177,47.08,M,Umarried,A102,4,A124,20,A143,A151,2,A173,1,A191,A201
95,SILVER,12,YES,YES,A40,1318,A64,2660,A75,981,39.24,M,Umarried,A101,4,A121,54,A143,A152,1,A173,1,A192,A201
96,SILVER,54,NO,YES,A49,15945,A61,9,A72,1465,43.95,M,Umarried,A101,4,A124,58,A143,A151,1,A173,1,A192,A201
97,NA,12,YES,NO,A46,2012,A65,NA,A74,854,34.16,F,Divorced,A101,2,A123,61,A143,A152,1,A173,1,A191,A201
98,SILVER,18,YES,YES,A49,2622,A62,390,A73,1100,44,M,Umarried,A101,4,A123,34,A143,A152,1,A173,1,A191,A201
99,SILVER,36,YES,NO,A40,2337,A61,46,A75,1163,46.52,M,Umarried,A101,4,A121,36,A143,A152,1,A173,1,A191,A201
100,SILVER,20,YES,NO,A40,7057,A65,NA,A74,1202,36.06,M,Umarried,A101,4,A122,36,A141,A151,2,A174,2,A192,A201
101,NA,24,YES,YES,A40,1469,A62,121,A75,703,28.12,M,Married,A101,4,A121,41,A143,A151,1,A172,1,A191,A201
102,SILVER,36,YES,YES,A40,2323,A61,89,A74,866,34.64,M,Umarried,A101,4,A123,24,A143,A151,1,A173,1,A191,A201
103,NA,6,YES,NO,A40,932,A61,31,A73,1242,37.26,F,Divorced,A101,2,A121,24,A143,A152,1,A173,1,A191,A201
104,SILVER,9,YES,NO,A40,1919,A61,61,A74,825,33,M,Umarried,A101,3,A123,35,A143,A151,1,A173,1,A192,A201
105,NA,12,YES,YES,A40,2445,A65,NA,A72,1949,38.98,M,Married,A101,4,A123,26,A143,A151,1,A173,1,A192,A201
106,SILVER,24,YES,NO,A410,11938,A61,52,A73,1986,39.72,M,Umarried,A102,3,A123,39,A143,A152,2,A174,2,A192,A201
107,NA,18,NO,YES,A40,6458,A61,98,A75,2397,47.94,M,Umarried,A101,4,A124,39,A141,A152,2,A174,2,A192,A201
108,SILVER,12,YES,YES,A40,6078,A61,46,A74,2199,43.98,M,Umarried,A101,2,A123,32,A143,A152,1,A173,1,A191,A201
109,BRONZE,24,YES,YES,A40,7721,A65,NA,A72,2778,27.78,F,Divorced,A101,2,A122,30,A143,A152,1,A173,1,A192,A202
110,SILVER,14,YES,YES,A49,1410,A63,526,A75,3468,34.68,M,Married,A101,2,A121,35,A143,A152,1,A173,1,A192,A201
111,SILVER,6,YES,NO,A49,1449,A62,312,A75,3070,30.7,M,Divorced,A101,2,A123,31,A141,A152,2,A173,2,A191,A201
112,GOLD,15,YES,YES,A46,392,A61,85,A72,965,38.6,F,Divorced,A101,4,A122,23,A143,A151,1,A173,1,A192,A201
113,SILVER,18,YES,YES,A40,6260,A61,63,A74,1516,45.48,M,Umarried,A101,3,A121,28,A143,A151,1,A172,1,A191,A201
114,NA,36,YES,NO,A40,7855,A61,59,A73,1114,44.56,F,Divorced,A101,2,A121,25,A142,A152,2,A173,1,A192,A201
115,BRONZE,12,YES,YES,A40,1680,A63,696,A75,1226,36.78,M,Married,A101,1,A121,35,A143,A152,1,A173,1,A191,A201
116,NA,48,YES,NO,A40,3578,A65,NA,A75,1157,46.28,M,Umarried,A101,1,A121,47,A143,A152,1,A173,1,A192,A201
117,BRONZE,42,YES,YES,A40,7174,A65,NA,A74,786,31.44,F,Divorced,A101,3,A123,30,A143,A152,1,A174,1,A192,A201
118,BRONZE,10,YES,NO,A40,2132,A65,NA,A72,1915,38.3,F,Divorced,A102,3,A121,27,A143,A151,2,A173,1,A191,A202
119,BRONZE,33,YES,NO,A40,4281,A63,767,A73,2670,26.7,F,Divorced,A101,4,A123,23,A143,A152,2,A173,1,A191,A201
120,SILVER,12,YES,NO,A40,2366,A63,695,A74,1583,47.49,M,Divorced,A101,3,A123,36,A143,A152,1,A174,1,A192,A201
121,BRONZE,21,YES,YES,A40,1835,A61,34,A73,1404,42.12,F,Divorced,A101,2,A121,25,A143,A152,2,A173,1,A192,A201
122,NA,24,YES,NO,A40,3868,A61,21,A75,899,35.96,F,Divorced,A101,2,A123,41,A143,A151,2,A174,1,A192,A201
123,NA,12,YES,YES,A40,1768,A61,55,A73,1261,37.83,M,Umarried,A101,2,A121,24,A143,A151,1,A172,1,A191,A201
124,GOLD,10,YES,NO,A40,781,A61,22,A75,1192,47.68,M,Umarried,A101,4,A124,63,A143,A153,2,A173,1,A192,A201
125,SILVER,18,YES,YES,A40,1924,A65,NA,A72,814,32.56,F,Divorced,A101,3,A121,27,A143,A151,1,A173,1,A191,A201
126,BRONZE,12,YES,NO,A40,2121,A61,6,A73,1054,42.16,M,Umarried,A101,2,A122,30,A143,A152,2,A173,1,A191,A201
127,BRONZE,12,YES,YES,A40,701,A61,63,A73,1036,41.44,M,Married,A101,2,A121,40,A143,A152,1,A172,1,A191,A201
128,SILVER,12,YES,YES,A40,639,A61,98,A73,911,36.44,M,Umarried,A101,2,A123,30,A143,A152,1,A173,1,A191,A201
129,SILVER,12,YES,NO,A40,1860,A61,8,A71,960,38.4,M,Umarried,A101,2,A123,34,A143,A152,2,A174,1,A192,A201
130,BRONZE,12,YES,NO,A40,3499,A61,70,A73,1204,36.12,F,Divorced,A102,2,A121,29,A143,A152,2,A173,1,A191,A201
131,SILVER,48,YES,YES,A40,8487,A65,NA,A74,3384,33.84,F,Divorced,A101,2,A123,24,A143,A152,1,A173,1,A191,A201
132,BRONZE,36,YES,NO,A46,6887,A61,91,A73,1042,41.68,M,Umarried,A101,3,A122,29,A142,A152,1,A173,1,A192,A201
133,NA,15,YES,YES,A40,2708,A61,14,A72,2466,49.32,M,Umarried,A101,3,A122,27,A141,A152,2,A172,1,A191,A201
134,NA,18,YES,YES,A40,1984,A61,71,A73,760,30.4,M,Umarried,A101,4,A124,47,A141,A153,2,A173,1,A191,A201
135,NA,60,YES,YES,A40,10144,A62,381,A74,1916,38.32,F,Divorced,A101,4,A121,21,A143,A152,1,A173,1,A192,A201
136,NA,12,YES,NO,A40,1240,A65,NA,A75,1110,44.4,F,Divorced,A101,2,A121,38,A143,A152,2,A173,1,A192,A201
137,NA,27,YES,NO,A40,8613,A64,2212,A73,2357,47.14,M,Umarried,A101,2,A123,27,A143,A152,2,A173,1,A191,A201
138,SILVER,12,YES,YES,A40,766,A63,830,A73,1049,41.96,M,Umarried,A101,3,A121,66,A143,A152,1,A172,1,A191,A201
139,SILVER,15,YES,NO,A40,2728,A65,NA,A74,954,38.16,M,Umarried,A103,2,A121,35,A141,A152,3,A173,1,A192,A201
140,GOLD,12,YES,YES,A40,1881,A61,96,A73,2537,50.74,F,Divorced,A101,2,A123,44,A143,A151,1,A172,1,A192,A201
141,GOLD,6,YES,YES,A40,709,A64,1539,A72,2367,47.34,M,Married,A101,2,A121,27,A143,A152,1,A171,1,A191,A202
142,SILVER,36,YES,YES,A40,4795,A61,45,A72,797,31.88,F,Divorced,A101,1,A124,30,A143,A152,1,A174,1,A192,A201
143,BRONZE,27,YES,YES,A40,3416,A61,38,A73,1516,45.48,M,Umarried,A101,2,A123,27,A143,A152,1,A174,1,A191,A201
144,BRONZE,18,YES,YES,A40,2462,A61,52,A73,2148,42.96,M,Umarried,A101,2,A123,22,A143,A152,1,A173,1,A191,A201
145,NA,21,YES,NO,A40,2288,A61,45,A72,1044,41.76,F,Divorced,A101,4,A122,23,A143,A152,1,A173,1,A192,A201
146,SILVER,48,NO,YES,A49,3566,A62,439,A74,755,30.2,M,Umarried,A101,2,A123,30,A143,A152,1,A173,1,A191,A201
147,BRONZE,6,YES,NO,A40,860,A61,78,A75,3042,30.42,F,Divorced,A101,4,A124,39,A143,A152,2,A173,1,A192,A201
148,NA,12,YES,NO,A40,682,A62,211,A74,1089,43.56,F,Divorced,A101,3,A123,51,A143,A152,2,A173,1,A192,A201
149,BRONZE,36,YES,NO,A40,5371,A61,2,A73,1273,38.19,M,Umarried,A103,2,A122,28,A143,A152,2,A173,1,A191,A201
150,NA,18,YES,NO,A40,1582,A64,3758,A75,785,31.4,M,Umarried,A101,4,A123,46,A143,A152,2,A173,1,A191,A201
151,NA,6,YES,YES,A40,1346,A62,276,A75,2027,40.54,M,Umarried,A101,4,A124,42,A141,A153,1,A173,2,A192,A201
152,NA,10,YES,YES,A40,1924,A61,49,A73,3231,32.31,M,Umarried,A101,4,A122,38,A143,A152,1,A173,1,A192,A202
153,GOLD,36,YES,YES,A40,5848,A61,70,A73,772,30.88,M,Umarried,A101,1,A123,24,A143,A152,1,A173,1,A191,A201
154,SILVER,24,YES,NO,A40,7758,A64,1302,A75,1992,39.84,F,Divorced,A101,4,A124,29,A143,A151,1,A173,1,A191,A201
155,SILVER,24,YES,NO,A49,6967,A62,104,A74,903,36.12,M,Umarried,A101,4,A123,36,A143,A151,1,A174,1,A192,A201
156,BRONZE,12,YES,YES,A40,1282,A61,56,A73,2365,47.3,F,Divorced,A101,4,A123,20,A143,A151,1,A173,1,A191,A201
157,BRONZE,9,YES,NO,A40,1288,A62,402,A75,1448,43.44,M,Umarried,A103,4,A121,48,A143,A152,2,A173,2,A191,A202
158,BRONZE,12,NO,YES,A48,339,A61,58,A75,941,37.64,M,Married,A101,1,A123,45,A141,A152,1,A172,1,A191,A201
159,SILVER,24,YES,YES,A40,3512,A62,183,A74,1850,37,M,Umarried,A101,3,A123,38,A141,A152,2,A173,1,A192,A201
160,NA,6,YES,NO,A40,1898,A65,NA,A73,3269,32.69,M,Umarried,A101,2,A121,34,A143,A152,2,A172,2,A191,A201
161,NA,24,YES,NO,A40,2872,A62,353,A75,1268,38.04,M,Umarried,A101,4,A121,36,A143,A152,1,A173,2,A192,A201
162,NA,18,YES,NO,A40,1055,A61,23,A72,910,36.4,F,Divorced,A101,1,A122,30,A143,A152,2,A173,1,A191,A201
163,NA,15,YES,YES,A40,1262,A63,961,A74,873,34.92,M,Umarried,A101,3,A122,36,A143,A152,2,A173,1,A192,A201
164,SILVER,10,YES,YES,A40,7308,A61,77,A71,2274,45.48,M,Umarried,A101,4,A124,70,A141,A153,1,A174,1,A192,A201
165,NA,36,YES,YES,A40,909,A63,854,A75,831,33.24,M,Umarried,A101,4,A122,36,A143,A152,1,A173,1,A191,A201
166,NA,6,YES,YES,A40,2978,A63,943,A73,2943,29.43,M,Umarried,A101,2,A123,32,A143,A152,1,A173,1,A192,A201
167,BRONZE,18,YES,YES,A40,1131,A61,15,A71,1077,43.08,F,Divorced,A101,2,A123,33,A143,A152,1,A173,1,A191,A201
168,SILVER,11,YES,YES,A40,1577,A64,3791,A72,1077,43.08,F,Divorced,A101,1,A121,20,A143,A152,1,A173,1,A191,A201
169,NA,24,YES,YES,A40,3972,A61,46,A74,2529,50.58,F,Divorced,A101,4,A122,25,A143,A151,1,A173,1,A192,A201
170,SILVER,24,YES,NO,A49,1935,A61,9,A75,1052,42.08,M,Divorced,A101,4,A121,31,A143,A152,2,A173,1,A192,A201
171,BRONZE,15,NO,YES,A40,950,A61,17,A75,1127,45.08,M,Umarried,A101,3,A123,33,A143,A151,2,A173,2,A191,A201
172,NA,12,YES,YES,A40,763,A61,45,A73,885,35.4,F,Divorced,A101,1,A121,26,A143,A152,1,A173,1,A192,A201
173,SILVER,24,YES,NO,A40,2064,A61,45,A71,1594,47.82,F,Divorced,A101,2,A122,34,A143,A152,1,A174,1,A192,A201
174,SILVER,8,YES,YES,A40,1414,A61,87,A73,1168,46.72,M,Umarried,A103,2,A121,33,A143,A152,1,A173,1,A191,A202
175,BRONZE,21,YES,NO,A46,3414,A61,56,A72,2141,42.82,M,Umarried,A101,1,A122,26,A143,A152,2,A173,1,A191,A201
176,NA,30,NO,YES,A40,7485,A65,NA,A71,993,39.72,F,Divorced,A101,1,A121,53,A141,A152,1,A174,1,A192,A201
177,BRONZE,12,YES,YES,A40,2577,A61,81,A73,2230,44.6,M,Divorced,A101,1,A123,42,A143,A152,1,A173,1,A191,A201
178,BRONZE,6,YES,NO,A40,338,A63,623,A75,1116,44.64,M,Umarried,A101,4,A123,52,A143,A152,2,A173,1,A191,A201
179,NA,12,YES,YES,A40,1963,A61,76,A74,1112,44.48,M,Umarried,A101,2,A123,31,A143,A151,2,A174,2,A192,A201
180,BRONZE,21,YES,NO,A40,571,A61,2,A75,1165,46.6,M,Umarried,A101,4,A121,65,A143,A152,2,A173,1,A191,A201
181,NA,36,YES,NO,A49,9572,A61,81,A72,2888,28.88,M,Divorced,A101,1,A123,28,A143,A152,2,A173,1,A191,A201
182,SILVER,36,YES,NO,A49,4455,A61,95,A73,2307,46.14,M,Divorced,A101,2,A121,30,A142,A152,2,A174,1,A192,A201
183,BRONZE,21,NO,YES,A40,1647,A65,NA,A73,904,36.16,M,Umarried,A101,2,A122,40,A143,A152,2,A172,2,A191,A201
184,NA,24,YES,NO,A40,3777,A64,1926,A73,863,34.52,M,Umarried,A101,4,A121,50,A143,A152,1,A173,1,A192,A201
185,SILVER,18,YES,NO,A40,884,A61,33,A75,1164,46.56,M,Umarried,A101,4,A123,36,A141,A152,1,A173,2,A192,A201
186,NA,15,YES,NO,A40,1360,A61,63,A73,779,31.16,M,Umarried,A101,2,A122,31,A143,A152,2,A173,1,A191,A201
187,SILVER,9,NO,YES,A40,5129,A61,67,A75,2236,44.72,F,Divorced,A101,4,A124,74,A141,A153,1,A174,2,A192,A201
188,SILVER,16,YES,NO,A40,1175,A61,89,A71,1836,36.72,M,Umarried,A101,3,A123,68,A143,A153,3,A171,1,A192,A201
189,BRONZE,12,YES,YES,A40,674,A62,273,A74,941,37.64,M,Married,A101,1,A122,20,A143,A152,1,A173,1,A191,A201
190,SILVER,18,NO,YES,A40,3244,A61,6,A73,3242,32.42,F,Divorced,A101,4,A123,33,A141,A152,2,A173,1,A192,A201
191,NA,24,YES,YES,A49,4591,A64,3353,A73,2127,42.54,M,Umarried,A101,3,A122,54,A143,A152,3,A174,1,A192,A201
192,SILVER,48,NO,YES,A49,3844,A62,372,A74,936,37.44,M,Umarried,A101,4,A124,34,A143,A153,1,A172,2,A191,A201
193,SILVER,27,YES,YES,A49,3915,A61,11,A73,1189,47.56,M,Umarried,A101,2,A123,36,A143,A152,1,A173,2,A192,A201
194,NA,6,YES,YES,A40,2108,A61,82,A74,2320,46.4,M,Married,A101,2,A121,29,A143,A151,1,A173,1,A191,A201
195,SILVER,45,YES,YES,A40,3031,A62,389,A73,854,34.16,M,Umarried,A103,4,A122,21,A143,A151,1,A173,1,A191,A201
196,SILVER,9,YES,NO,A46,1501,A61,58,A75,2171,43.42,F,Divorced,A101,3,A123,34,A143,A152,2,A174,1,A192,A201
197,NA,6,YES,NO,A40,1382,A61,90,A73,3149,31.49,F,Divorced,A101,1,A123,28,A143,A152,2,A173,1,A192,A201
198,SILVER,12,YES,YES,A40,951,A62,311,A72,806,32.24,F,Divorced,A101,4,A123,27,A141,A151,4,A173,1,A191,A201
199,SILVER,24,YES,YES,A40,2760,A65,NA,A75,896,35.84,M,Umarried,A101,4,A124,36,A141,A153,1,A173,1,A192,A201
200,SILVER,18,YES,NO,A40,4297,A61,88,A75,1062,42.48,M,Divorced,A101,3,A124,40,A143,A152,1,A174,1,A192,A201
201,NA,9,YES,NO,A46,936,A63,866,A75,981,39.24,M,Umarried,A101,2,A123,52,A143,A152,2,A173,1,A192,A201
202,BRONZE,12,YES,YES,A40,1168,A61,32,A73,929,37.16,M,Married,A101,3,A121,27,A143,A152,1,A172,1,A191,A201
203,NA,27,YES,NO,A49,5117,A61,12,A74,1546,46.38,M,Umarried,A101,4,A123,26,A143,A152,2,A173,1,A191,A201
204,BRONZE,12,YES,YES,A48,902,A61,87,A74,1030,41.2,M,Married,A101,4,A122,21,A143,A151,1,A173,1,A191,A201
205,NA,12,YES,NO,A40,1495,A61,5,A75,1055,42.2,M,Umarried,A101,1,A121,38,A143,A152,2,A172,2,A191,A201
206,BRONZE,30,YES,NO,A40,10623,A61,30,A75,1609,48.27,M,Umarried,A101,4,A124,38,A143,A153,3,A174,2,A192,A201
207,NA,12,YES,NO,A40,1935,A61,89,A75,814,32.56,M,Umarried,A101,4,A121,43,A143,A152,3,A173,1,A192,A201
208,SILVER,12,YES,NO,A40,1424,A61,90,A74,1045,41.8,M,Umarried,A101,3,A122,26,A143,A152,1,A173,1,A191,A201
209,BRONZE,24,YES,YES,A49,6568,A61,43,A73,2459,49.18,M,Married,A101,2,A123,21,A142,A152,1,A172,1,A191,A201
210,NA,12,YES,YES,A40,1413,A64,2640,A74,1600,48,M,Umarried,A101,2,A122,55,A143,A152,1,A173,1,A191,A202
211,NA,9,YES,NO,A40,3074,A65,NA,A73,3461,34.61,M,Umarried,A101,2,A121,33,A143,A152,2,A173,2,A191,A201
212,NA,36,YES,YES,A40,3835,A65,NA,A75,2525,50.5,F,Divorced,A101,4,A121,45,A143,A152,1,A172,1,A192,A201
213,BRONZE,27,NO,YES,A49,5293,A61,85,A71,1988,39.76,M,Umarried,A101,4,A122,50,A142,A152,2,A173,1,A192,A201
214,GOLD,30,YES,NO,A49,1908,A61,11,A75,805,32.2,M,Umarried,A101,4,A121,66,A143,A152,1,A174,1,A192,A201
215,NA,36,YES,NO,A40,3342,A65,NA,A75,879,35.16,M,Umarried,A101,2,A123,51,A143,A152,1,A173,1,A192,A201
216,SILVER,6,YES,NO,A48,932,A65,NA,A74,3369,33.69,F,Divorced,A101,3,A122,39,A143,A152,2,A172,1,A191,A201
217,BRONZE,18,NO,YES,A49,3104,A61,71,A74,1437,43.11,M,Umarried,A101,1,A122,31,A141,A152,1,A173,1,A192,A201
218,GOLD,36,YES,YES,A40,3913,A61,62,A73,1971,39.42,M,Umarried,A101,2,A121,23,A143,A152,1,A173,1,A192,A201
219,BRONZE,24,YES,YES,A40,3021,A61,73,A73,2005,40.1,M,Divorced,A101,2,A121,24,A143,A151,1,A172,1,A191,A201
220,NA,10,YES,YES,A40,1364,A61,20,A73,2590,51.8,F,Divorced,A101,4,A123,64,A143,A152,1,A173,1,A192,A201
221,SILVER,12,YES,YES,A40,625,A61,66,A72,835,33.4,M,Married,A103,1,A121,26,A141,A152,1,A172,1,A191,A201
222,BRONZE,12,YES,YES,A46,1200,A65,NA,A73,888,35.52,F,Divorced,A101,4,A122,23,A141,A151,1,A173,1,A192,A201
223,NA,12,YES,YES,A40,707,A61,24,A73,813,32.52,M,Umarried,A101,2,A121,30,A141,A152,2,A173,1,A191,A201
224,NA,24,YES,NO,A49,2978,A65,NA,A73,869,34.76,M,Umarried,A101,4,A121,32,A143,A152,2,A173,2,A192,A201
225,NA,15,YES,YES,A40,4657,A61,23,A73,1556,46.68,M,Umarried,A101,2,A123,30,A143,A152,1,A173,1,A192,A201
226,NA,36,NO,YES,A40,2613,A61,12,A73,717,28.68,M,Umarried,A101,2,A123,27,A143,A152,2,A173,1,A191,A201
227,SILVER,48,YES,YES,A40,10961,A64,2222,A74,3341,33.41,M,Umarried,A102,2,A124,27,A141,A152,2,A173,1,A192,A201
228,BRONZE,12,YES,YES,A40,7865,A61,8,A75,999,39.96,M,Umarried,A101,4,A124,53,A143,A153,1,A174,1,A192,A201
229,NA,9,YES,YES,A40,1478,A61,50,A74,1025,41,M,Umarried,A101,2,A123,22,A143,A152,1,A173,1,A191,A201
230,BRONZE,24,YES,YES,A40,3149,A61,13,A72,1176,47.04,M,Umarried,A101,1,A124,22,A141,A153,1,A173,1,A191,A201
231,GOLD,36,YES,YES,A40,4210,A61,73,A73,790,31.6,M,Umarried,A101,2,A123,26,A143,A152,1,A173,1,A191,A201
232,NA,9,YES,YES,A40,2507,A63,763,A75,2155,43.1,M,Umarried,A101,4,A124,51,A143,A153,1,A172,1,A191,A201
233,NA,12,YES,YES,A40,2141,A62,309,A74,1667,50.01,M,Umarried,A101,1,A124,35,A143,A152,1,A173,1,A191,A201
234,SILVER,18,YES,YES,A40,866,A61,80,A73,713,28.52,M,Married,A103,2,A121,25,A143,A152,1,A172,1,A191,A201
235,NA,4,YES,NO,A40,1544,A61,5,A74,1818,36.36,M,Umarried,A101,1,A121,42,A143,A152,3,A172,2,A191,A201
236,BRONZE,24,YES,YES,A40,1823,A61,94,A71,1018,40.72,M,Umarried,A101,2,A123,30,A142,A152,1,A174,2,A191,A201
237,SILVER,6,YES,YES,A40,14555,A65,NA,A71,2711,27.11,M,Umarried,A101,2,A122,23,A143,A152,1,A171,1,A192,A201
238,SILVER,21,YES,YES,A49,2767,A62,216,A75,1147,45.88,M,Divorced,A101,2,A123,61,A141,A151,2,A172,1,A191,A201
239,NA,12,YES,NO,A40,1291,A61,48,A73,981,39.24,F,Divorced,A101,2,A122,35,A143,A152,2,A173,1,A191,A201
240,BRONZE,30,YES,YES,A40,2522,A61,20,A75,3038,30.38,M,Umarried,A103,3,A122,39,A143,A152,1,A173,2,A191,A201
241,BRONZE,24,YES,YES,A40,915,A65,NA,A75,735,29.4,F,Divorced,A101,2,A123,29,A141,A152,1,A173,1,A191,A201
242,NA,6,YES,YES,A40,1595,A61,79,A74,1240,37.2,M,Umarried,A101,2,A122,51,A143,A152,1,A173,2,A191,A201
243,BRONZE,48,NO,YES,A40,4605,A61,36,A75,1396,41.88,M,Umarried,A101,4,A124,24,A143,A153,2,A173,2,A191,A201
244,NA,12,YES,NO,A49,1185,A61,54,A73,1704,51.12,F,Divorced,A101,2,A121,27,A143,A152,2,A173,1,A191,A201
245,NA,12,NO,YES,A48,3447,A63,926,A73,915,36.6,F,Divorced,A101,3,A121,35,A143,A152,1,A172,2,A191,A201
246,NA,24,YES,YES,A49,1258,A61,66,A74,1155,46.2,M,Umarried,A101,1,A121,25,A143,A152,1,A173,1,A192,A201
247,NA,12,YES,NO,A40,717,A61,14,A75,1183,47.32,M,Umarried,A101,4,A121,52,A143,A152,3,A173,1,A191,A201
248,NA,6,NO,YES,A40,1204,A62,351,A73,912,36.48,M,Umarried,A101,1,A124,35,A141,A151,1,A173,1,A191,A202
249,GOLD,24,YES,YES,A40,1925,A61,86,A73,2367,47.34,M,Umarried,A101,2,A121,26,A143,A152,1,A173,1,A191,A201
250,NA,18,YES,YES,A40,433,A61,61,A71,1295,38.85,F,Divorced,A102,4,A121,22,A143,A151,1,A173,1,A191,A201
251,BRONZE,6,YES,NO,A40,666,A64,2348,A74,1549,46.47,F,Divorced,A101,4,A121,39,A143,A152,2,A172,1,A192,A201
252,GOLD,12,YES,YES,A40,2251,A61,13,A73,2951,29.51,F,Divorced,A101,2,A123,46,A143,A152,1,A172,1,A191,A201
253,SILVER,30,YES,YES,A40,2150,A61,59,A73,1076,43.04,F,Divorced,A103,2,A124,24,A141,A152,1,A173,1,A191,A201
254,NA,24,YES,NO,A40,4151,A62,277,A73,1894,37.88,M,Umarried,A101,3,A122,35,A143,A152,2,A173,1,A191,A201
255,SILVER,9,YES,YES,A40,2030,A65,NA,A74,2258,45.16,M,Umarried,A101,1,A123,24,A143,A152,1,A173,1,A192,A201
256,SILVER,60,YES,NO,A40,7418,A65,NA,A73,2695,26.95,M,Umarried,A101,1,A121,27,A143,A152,1,A172,1,A191,A201
257,NA,24,YES,NO,A40,2684,A61,57,A73,894,35.76,M,Umarried,A101,2,A121,35,A143,A152,2,A172,1,A191,A201
258,BRONZE,12,NO,YES,A40,2149,A61,30,A73,924,36.96,M,Divorced,A101,1,A124,29,A143,A153,1,A173,1,A191,A201
259,NA,15,YES,YES,A40,3812,A62,145,A72,2601,26.01,F,Divorced,A101,4,A123,23,A143,A152,1,A173,1,A192,A201
260,NA,11,YES,NO,A40,1154,A62,409,A71,766,30.64,F,Divorced,A101,4,A121,57,A143,A152,3,A172,1,A191,A201
261,BRONZE,12,YES,YES,A40,1657,A61,67,A73,2041,40.82,M,Umarried,A101,2,A121,27,A143,A152,1,A173,1,A191,A201
262,BRONZE,24,YES,YES,A40,1603,A61,39,A75,1088,43.52,F,Divorced,A101,4,A123,55,A143,A152,1,A173,1,A191,A201
263,BRONZE,18,YES,NO,A40,5302,A61,77,A75,1834,36.68,M,Umarried,A101,4,A124,36,A143,A153,3,A174,1,A192,A201
264,NA,12,YES,NO,A46,2748,A61,39,A75,2254,45.08,F,Divorced,A101,4,A124,57,A141,A153,3,A172,1,A191,A201
265,NA,10,YES,NO,A40,1231,A61,43,A75,1409,42.27,M,Umarried,A101,4,A121,32,A143,A152,2,A172,2,A191,A202
266,SILVER,15,YES,YES,A40,802,A61,80,A75,946,37.84,M,Umarried,A101,3,A123,37,A143,A152,1,A173,2,A191,A201
267,NA,36,YES,NO,A49,6304,A65,NA,A75,804,32.16,M,Umarried,A101,4,A121,36,A143,A152,2,A173,1,A191,A201
268,NA,24,YES,YES,A40,1533,A61,54,A72,1113,44.52,F,Divorced,A101,3,A123,38,A142,A152,1,A173,1,A192,A201
269,BRONZE,14,YES,YES,A40,8978,A61,91,A75,2937,29.37,M,Divorced,A101,4,A122,45,A143,A152,1,A174,1,A192,A202
270,NA,24,YES,YES,A40,999,A65,NA,A75,950,38,M,Umarried,A101,2,A123,25,A143,A152,2,A173,1,A191,A201
271,NA,18,YES,YES,A40,2662,A65,NA,A74,752,30.08,M,Umarried,A101,3,A122,32,A143,A152,1,A173,1,A191,A202
272,NA,12,YES,NO,A40,1402,A63,972,A74,1427,42.81,F,Divorced,A101,4,A123,37,A143,A151,1,A173,1,A192,A201
273,SILVER,48,NO,YES,A40,12169,A65,NA,A71,895,35.8,M,Umarried,A102,4,A124,36,A143,A153,1,A174,1,A192,A201
274,SILVER,48,YES,YES,A40,3060,A61,39,A74,907,36.28,M,Umarried,A101,4,A121,28,A143,A152,2,A173,1,A191,A201
275,BRONZE,30,YES,YES,A40,11998,A61,86,A72,2650,26.5,M,Divorced,A101,1,A124,34,A143,A152,1,A172,1,A192,A201
276,NA,9,YES,YES,A40,2697,A61,10,A73,3157,31.57,M,Umarried,A101,2,A121,32,A143,A152,1,A173,2,A191,A201
277,NA,18,YES,NO,A40,2404,A61,59,A73,2481,49.62,F,Divorced,A101,2,A123,26,A143,A152,2,A173,1,A191,A201
278,BRONZE,12,YES,YES,A40,1262,A65,NA,A75,2365,47.3,M,Divorced,A101,4,A122,49,A143,A152,1,A172,1,A192,A201
279,NA,6,YES,YES,A40,4611,A61,14,A72,2950,29.5,F,Divorced,A101,4,A122,32,A143,A152,1,A173,1,A191,A201
280,NA,24,YES,YES,A40,1901,A62,227,A73,741,29.64,M,Umarried,A101,4,A123,29,A143,A151,1,A174,1,A192,A201
281,NA,15,YES,NO,A40,3368,A64,2424,A75,1218,36.54,M,Umarried,A101,4,A124,23,A143,A151,2,A173,1,A192,A201
282,NA,12,YES,YES,A40,1574,A61,73,A73,1190,47.6,M,Umarried,A101,2,A121,50,A143,A152,1,A173,1,A191,A201
283,GOLD,18,NO,YES,A40,1445,A65,NA,A74,858,34.32,M,Umarried,A101,4,A123,49,A141,A152,1,A172,1,A191,A201
284,NA,15,YES,NO,A40,1520,A65,NA,A75,1172,46.88,M,Umarried,A101,4,A122,63,A143,A152,1,A173,1,A191,A201
285,SILVER,24,YES,NO,A40,3878,A62,202,A72,1151,46.04,M,Divorced,A101,2,A123,37,A143,A152,1,A173,1,A192,A201
286,BRONZE,47,YES,YES,A40,10722,A61,7,A72,2727,27.27,F,Divorced,A101,1,A121,35,A143,A152,1,A172,1,A192,A201
287,BRONZE,48,YES,YES,A40,4788,A61,97,A74,960,38.4,M,Umarried,A101,3,A122,26,A143,A152,1,A173,2,A191,A201
288,SILVER,48,YES,NO,A410,7582,A62,160,A71,2164,43.28,M,Umarried,A101,4,A124,31,A143,A153,1,A174,1,A192,A201
289,SILVER,12,YES,YES,A40,1092,A61,27,A73,855,34.2,F,Divorced,A103,4,A121,49,A143,A152,2,A173,1,A192,A201
290,BRONZE,24,YES,NO,A40,1024,A61,54,A72,969,38.76,M,Married,A101,4,A121,48,A142,A152,1,A173,1,A191,A201
291,NA,12,YES,YES,A49,1076,A61,34,A73,2068,41.36,M,Married,A101,2,A121,26,A143,A152,1,A173,1,A192,A202
292,SILVER,36,YES,YES,A40,9398,A61,29,A72,3386,33.86,M,Married,A101,4,A123,28,A143,A151,1,A174,1,A192,A201
293,BRONZE,24,YES,NO,A40,6419,A61,14,A75,2561,51.22,F,Divorced,A101,4,A124,44,A143,A153,2,A174,2,A192,A201
294,GOLD,42,YES,NO,A40,4796,A61,47,A75,750,30,M,Umarried,A101,4,A124,56,A143,A153,1,A173,1,A191,A201
295,NA,48,YES,NO,A49,7629,A65,NA,A75,1169,46.76,M,Divorced,A101,2,A123,46,A141,A152,2,A174,2,A191,A201
296,SILVER,48,YES,YES,A40,9960,A61,92,A72,2947,29.47,F,Divorced,A101,2,A123,26,A143,A152,1,A173,1,A192,A201
297,NA,12,YES,YES,A40,4675,A65,NA,A72,3491,34.91,F,Divorced,A101,4,A123,20,A143,A151,1,A173,1,A191,A201
298,NA,10,YES,YES,A40,1287,A65,NA,A75,1019,40.76,M,Umarried,A102,2,A122,45,A143,A152,1,A172,1,A191,A202
299,NA,18,YES,YES,A40,2515,A61,41,A73,1301,39.03,M,Umarried,A101,4,A121,43,A143,A152,1,A173,1,A192,A201
300,SILVER,21,YES,NO,A40,2745,A64,1259,A74,1295,38.85,M,Umarried,A101,2,A123,32,A143,A152,2,A173,1,A192,A201
301,NA,6,YES,YES,A40,672,A61,29,A71,2820,28.2,F,Divorced,A101,4,A121,54,A143,A152,1,A171,1,A192,A201
302,SILVER,36,NO,YES,A40,3804,A61,34,A73,956,38.24,F,Divorced,A101,1,A123,42,A143,A152,1,A173,1,A192,A201
303,GOLD,24,YES,NO,A40,1344,A65,NA,A74,1167,46.68,M,Umarried,A101,2,A121,37,A141,A152,2,A172,2,A191,A201
304,BRONZE,10,YES,NO,A40,1038,A61,62,A74,742,29.68,M,Umarried,A102,3,A122,49,A143,A152,2,A173,1,A192,A201
305,NA,48,YES,NO,A40,10127,A63,654,A73,2309,46.18,M,Umarried,A101,2,A124,44,A141,A153,1,A173,1,A191,A201
306,NA,6,YES,YES,A40,1543,A64,2998,A73,1130,45.2,M,Divorced,A101,2,A121,33,A143,A152,1,A173,1,A191,A201
307,NA,30,YES,YES,A40,4811,A65,NA,A74,2564,51.28,F,Divorced,A101,4,A122,24,A142,A151,1,A172,1,A191,A201
308,BRONZE,12,YES,YES,A40,727,A62,381,A72,719,28.76,M,Married,A101,3,A124,33,A143,A152,1,A172,1,A192,A201
309,SILVER,8,YES,YES,A40,1237,A61,98,A73,1350,40.5,F,Divorced,A101,4,A121,24,A143,A152,1,A173,1,A191,A201
310,SILVER,9,YES,YES,A40,276,A61,60,A73,750,30,M,Married,A101,4,A121,22,A143,A151,1,A172,1,A191,A201
311,SILVER,48,YES,YES,A410,5381,A65,NA,A71,1762,52.86,M,Umarried,A101,4,A124,40,A141,A153,1,A171,1,A192,A201
312,NA,24,YES,YES,A40,5511,A62,466,A73,835,33.4,M,Umarried,A101,1,A123,25,A142,A152,1,A173,1,A191,A201
313,GOLD,24,YES,YES,A40,3749,A61,33,A72,2239,44.78,F,Divorced,A101,4,A123,26,A143,A152,1,A173,1,A191,A201
314,SILVER,12,YES,YES,A40,685,A61,56,A74,1882,37.64,M,Married,A101,3,A123,25,A141,A152,1,A172,1,A191,A201
315,GOLD,4,YES,YES,A40,1494,A65,NA,A72,3233,32.33,M,Umarried,A101,2,A121,29,A143,A152,1,A172,2,A191,A202
316,BRONZE,36,NO,YES,A40,2746,A61,82,A75,1197,47.88,M,Umarried,A101,4,A123,31,A141,A152,1,A173,1,A191,A201
317,BRONZE,12,YES,YES,A40,708,A61,90,A73,2143,42.86,M,Umarried,A103,3,A122,38,A143,A152,1,A172,2,A191,A201
318,SILVER,24,YES,YES,A40,4351,A65,NA,A73,2865,28.65,F,Divorced,A101,4,A122,48,A143,A152,1,A172,1,A192,A201
319,NA,12,YES,NO,A46,701,A61,36,A73,727,29.08,M,Umarried,A101,2,A123,32,A143,A152,2,A173,1,A191,A201
320,BRONZE,15,YES,NO,A40,3643,A61,60,A75,3164,31.64,F,Divorced,A101,4,A122,27,A143,A152,2,A172,1,A191,A201
321,SILVER,30,YES,NO,A40,4249,A61,3,A71,1086,43.44,M,Married,A101,2,A123,28,A143,A152,2,A174,1,A191,A201
322,BRONZE,24,YES,YES,A40,1938,A61,23,A72,734,29.36,M,Divorced,A101,3,A122,32,A143,A152,1,A173,1,A191,A201
323,BRONZE,24,YES,YES,A40,2910,A61,4,A74,2070,41.4,M,Umarried,A101,1,A124,34,A143,A153,1,A174,1,A192,A201
324,BRONZE,18,YES,YES,A40,2659,A64,2025,A73,930,37.2,M,Umarried,A101,2,A123,28,A143,A152,1,A173,1,A191,A201
325,NA,18,YES,NO,A40,1028,A61,31,A73,1143,45.72,F,Divorced,A101,3,A121,36,A143,A152,2,A173,1,A191,A201
326,BRONZE,8,YES,NO,A40,3398,A61,94,A74,2649,26.49,M,Umarried,A101,4,A121,39,A143,A152,2,A172,1,A191,A202
327,NA,12,YES,NO,A40,5801,A65,NA,A75,2079,41.58,M,Umarried,A101,4,A122,49,A143,A151,1,A173,1,A192,A201
328,NA,24,YES,YES,A40,1525,A64,2247,A74,742,29.68,F,Divorced,A101,3,A123,34,A143,A152,1,A173,2,A192,A201
329,GOLD,36,YES,YES,A40,4473,A61,37,A75,949,37.96,M,Umarried,A101,2,A123,31,A143,A152,1,A173,1,A191,A201
330,SILVER,6,YES,YES,A40,1068,A61,2,A75,1191,47.64,M,Umarried,A101,4,A123,28,A143,A152,1,A173,2,A191,A201
331,BRONZE,24,YES,NO,A40,6615,A61,13,A71,2540,50.8,M,Umarried,A101,4,A124,75,A143,A153,2,A174,1,A192,A201
332,NA,18,YES,NO,A46,1864,A62,186,A73,1108,44.32,F,Divorced,A101,2,A121,30,A143,A152,2,A173,1,A191,A201
333,SILVER,60,YES,YES,A40,7408,A62,153,A72,771,30.84,F,Divorced,A101,2,A122,24,A143,A152,1,A174,1,A191,A201
334,NA,48,YES,NO,A40,11590,A62,137,A73,1973,39.46,F,Divorced,A101,4,A123,24,A141,A151,2,A172,1,A191,A201
335,BRONZE,24,NO,YES,A40,4110,A61,47,A75,1601,48.03,M,Umarried,A101,4,A124,23,A141,A151,2,A173,2,A191,A201
336,BRONZE,6,YES,NO,A40,3384,A61,90,A73,3442,34.42,M,Divorced,A101,4,A121,44,A143,A151,1,A174,1,A192,A201
337,SILVER,13,YES,YES,A40,2101,A61,41,A72,1979,39.58,F,Divorced,A103,4,A122,23,A143,A152,1,A172,1,A191,A201
338,BRONZE,15,YES,YES,A40,1275,A65,NA,A73,789,31.56,F,Divorced,A101,2,A123,24,A143,A151,1,A173,1,A191,A201
339,BRONZE,24,YES,YES,A40,4169,A61,71,A73,1033,41.32,M,Umarried,A101,4,A122,28,A143,A152,1,A173,1,A191,A201
340,SILVER,10,YES,YES,A40,1521,A61,66,A73,1198,47.92,M,Divorced,A101,2,A123,31,A143,A152,1,A172,1,A191,A201
341,SILVER,24,YES,NO,A46,5743,A61,83,A72,2068,41.36,F,Divorced,A101,4,A124,24,A143,A153,2,A173,1,A192,A201
342,BRONZE,21,YES,YES,A40,3599,A61,98,A74,2858,28.58,F,Divorced,A101,4,A123,26,A143,A151,1,A172,1,A191,A201
343,SILVER,18,YES,YES,A40,3213,A63,938,A72,3291,32.91,M,Married,A101,3,A121,25,A143,A151,1,A173,1,A191,A201
344,SILVER,18,YES,YES,A49,4439,A61,63,A75,2921,29.21,M,Umarried,A102,1,A121,33,A141,A152,1,A174,1,A192,A201
345,GOLD,10,YES,YES,A40,3949,A61,41,A72,3283,32.83,M,Umarried,A103,1,A122,37,A143,A152,1,A172,2,A191,A201
346,NA,15,YES,NO,A40,1459,A61,82,A73,1012,40.48,F,Divorced,A101,2,A123,43,A143,A152,1,A172,1,A191,A201
347,SILVER,13,YES,NO,A40,882,A61,39,A72,1154,46.16,M,Umarried,A103,4,A121,23,A143,A152,2,A173,1,A191,A201
348,SILVER,24,YES,YES,A40,3758,A63,962,A71,3060,30.6,F,Divorced,A101,4,A124,23,A143,A151,1,A171,1,A191,A201
349,NA,6,YES,NO,A49,1743,A62,110,A73,2772,27.72,M,Umarried,A101,2,A121,34,A143,A152,2,A172,1,A191,A201
350,SILVER,9,YES,NO,A46,1136,A64,2573,A75,1190,47.6,M,Umarried,A101,3,A124,32,A143,A153,2,A173,2,A191,A201
351,NA,9,YES,YES,A40,1236,A61,72,A72,3172,31.72,F,Divorced,A101,4,A121,23,A143,A151,1,A173,1,A192,A201
352,SILVER,9,YES,YES,A40,959,A61,16,A73,3367,33.67,F,Divorced,A101,2,A123,29,A143,A152,1,A173,1,A191,A202
353,NA,18,YES,NO,A40,3229,A65,NA,A71,2019,40.38,M,Umarried,A101,4,A124,38,A143,A152,1,A174,1,A192,A201
354,BRONZE,12,NO,YES,A40,6199,A61,5,A73,1171,46.84,M,Umarried,A101,2,A122,28,A143,A151,2,A173,1,A192,A201
355,NA,10,YES,YES,A46,727,A63,572,A75,1004,40.16,M,Umarried,A101,4,A124,46,A143,A153,1,A173,1,A192,A201
356,SILVER,24,YES,YES,A40,1246,A61,70,A72,1049,41.96,M,Umarried,A101,2,A121,23,A142,A152,1,A172,1,A191,A201
357,NA,12,YES,NO,A40,2331,A65,NA,A75,3099,30.99,M,Umarried,A102,4,A121,49,A143,A152,1,A173,1,A192,A201
358,NA,36,YES,NO,A40,4463,A61,20,A73,781,31.24,M,Umarried,A101,2,A123,26,A143,A152,2,A174,1,A192,A201
359,NA,12,YES,YES,A40,776,A61,20,A73,890,35.6,M,Married,A101,2,A121,28,A143,A152,1,A173,1,A191,A201
360,BRONZE,30,YES,YES,A40,2406,A61,50,A74,1186,47.44,F,Divorced,A101,4,A121,23,A143,A151,1,A173,1,A191,A201
361,SILVER,18,YES,YES,A46,1239,A65,NA,A73,1135,45.4,M,Umarried,A101,4,A124,61,A143,A153,1,A173,1,A191,A201
362,GOLD,12,YES,YES,A40,3399,A65,NA,A75,2564,51.28,M,Umarried,A101,3,A123,37,A143,A152,1,A174,1,A191,A201
363,GOLD,12,YES,NO,A40,2247,A61,13,A73,1897,37.94,F,Divorced,A101,2,A123,36,A142,A152,2,A173,1,A192,A201
364,NA,6,YES,YES,A40,1766,A61,35,A73,2678,26.78,M,Married,A101,2,A122,21,A143,A151,1,A173,1,A191,A201
365,BRONZE,18,YES,YES,A40,2473,A61,34,A71,746,29.84,M,Umarried,A101,1,A123,25,A143,A152,1,A171,1,A191,A201
366,NA,12,YES,YES,A49,1542,A61,92,A74,1868,37.36,M,Umarried,A101,4,A123,36,A143,A152,1,A173,1,A192,A201
367,NA,18,YES,NO,A40,3850,A61,5,A74,1646,49.38,M,Umarried,A101,1,A123,27,A143,A152,2,A173,1,A191,A201
368,BRONZE,18,YES,YES,A40,3650,A61,66,A72,2718,27.18,F,Divorced,A101,4,A123,22,A143,A151,1,A173,1,A191,A201
369,BRONZE,36,YES,YES,A40,3446,A61,68,A75,1140,45.6,M,Umarried,A101,2,A123,42,A143,A152,1,A173,2,A191,A201
370,SILVER,18,YES,YES,A40,3001,A61,74,A74,2323,46.46,F,Divorced,A101,4,A121,40,A143,A151,1,A173,1,A191,A201
371,NA,36,YES,YES,A40,3079,A65,NA,A73,1126,45.04,M,Umarried,A101,4,A121,36,A143,A152,1,A173,1,A191,A201
372,NA,18,YES,NO,A40,6070,A61,2,A75,1646,49.38,M,Umarried,A101,4,A123,33,A143,A152,2,A173,1,A192,A201
373,NA,10,YES,NO,A40,2146,A61,62,A72,2805,28.05,F,Divorced,A101,3,A121,23,A143,A151,2,A173,1,A191,A201
374,NA,60,YES,NO,A40,13756,A65,NA,A75,2292,45.84,M,Umarried,A101,4,A124,63,A141,A153,1,A174,1,A192,A201
375,SILVER,60,NO,YES,A410,14782,A62,494,A75,1666,49.98,F,Divorced,A101,4,A124,60,A141,A153,2,A174,1,A192,A201
376,BRONZE,48,NO,YES,A49,7685,A61,80,A74,2470,49.4,F,Divorced,A103,4,A123,37,A143,A151,1,A173,1,A191,A201
377,NA,18,YES,NO,A40,2320,A61,32,A71,1987,39.74,M,Married,A101,3,A121,34,A143,A152,2,A173,1,A191,A201
378,NA,7,YES,NO,A40,846,A65,NA,A75,1735,52.05,M,Umarried,A101,4,A124,36,A143,A153,1,A173,1,A191,A201
379,SILVER,36,YES,YES,A40,14318,A61,21,A75,803,32.12,M,Umarried,A101,2,A124,57,A143,A153,1,A174,1,A192,A201
380,NA,6,YES,NO,A40,362,A62,487,A73,941,37.64,F,Divorced,A101,4,A123,52,A143,A152,2,A172,1,A191,A201
381,BRONZE,20,YES,YES,A40,2212,A65,NA,A74,1055,42.2,M,Umarried,A101,4,A123,39,A143,A152,1,A173,1,A192,A201
382,SILVER,18,YES,YES,A40,12976,A61,81,A71,1569,47.07,F,Divorced,A101,4,A124,38,A143,A153,1,A174,1,A192,A201
383,NA,22,YES,YES,A40,1283,A65,NA,A74,876,35.04,F,Divorced,A101,4,A122,25,A143,A151,1,A173,1,A191,A201
384,GOLD,12,YES,YES,A40,1330,A61,7,A72,1181,47.24,M,Umarried,A101,1,A121,26,A143,A152,1,A173,1,A191,A201
385,NA,30,YES,NO,A49,4272,A62,265,A73,1977,39.54,M,Umarried,A101,2,A122,26,A143,A152,2,A172,1,A191,A201
386,NA,18,YES,NO,A40,2238,A61,83,A73,2521,50.42,F,Divorced,A101,1,A123,25,A143,A152,2,A173,1,A191,A201
387,NA,18,YES,YES,A40,1126,A65,NA,A72,804,32.16,F,Divorced,A101,2,A121,21,A143,A151,1,A173,1,A192,A201
388,SILVER,18,YES,NO,A40,7374,A61,43,A71,1093,43.72,M,Umarried,A101,4,A122,40,A142,A152,2,A174,1,A192,A201
389,SILVER,15,YES,NO,A49,2326,A63,723,A73,2199,43.98,M,Umarried,A101,4,A123,27,A141,A152,1,A173,1,A191,A201
390,NA,9,YES,YES,A49,1449,A61,77,A74,1400,42,F,Divorced,A101,2,A123,27,A143,A152,2,A173,1,A191,A201
391,NA,18,YES,YES,A40,1820,A61,95,A73,2361,47.22,M,Married,A101,2,A122,30,A143,A152,1,A174,1,A192,A201
392,SILVER,12,YES,YES,A40,983,A64,1684,A72,3056,30.56,F,Divorced,A101,4,A121,19,A143,A151,1,A172,1,A191,A201
393,BRONZE,36,YES,YES,A40,3249,A61,57,A74,2064,41.28,M,Umarried,A101,4,A124,39,A141,A153,1,A174,2,A192,A201
394,BRONZE,6,YES,NO,A40,1957,A61,39,A74,2726,27.26,F,Divorced,A101,4,A123,31,A143,A152,1,A173,1,A191,A201
395,NA,9,YES,NO,A40,2406,A61,62,A71,2541,50.82,M,Umarried,A101,3,A123,31,A143,A152,1,A174,1,A191,A201
396,SILVER,39,YES,NO,A46,11760,A62,425,A74,2206,44.12,M,Umarried,A101,3,A124,32,A143,A151,1,A173,1,A192,A201
397,BRONZE,12,YES,YES,A40,2578,A61,64,A71,1380,41.4,F,Divorced,A101,4,A124,55,A143,A153,1,A174,1,A191,A201
398,BRONZE,36,YES,NO,A40,2348,A61,69,A73,1521,45.63,M,Married,A101,2,A122,46,A143,A152,2,A173,1,A192,A201
399,SILVER,12,YES,YES,A40,1223,A61,26,A75,3085,30.85,M,Divorced,A101,1,A121,46,A143,A151,2,A173,1,A191,A201
400,NA,24,YES,NO,A40,1516,A64,2391,A73,1180,47.2,F,Divorced,A101,1,A121,43,A143,A152,2,A172,1,A191,A201
401,NA,18,YES,YES,A40,1473,A61,5,A72,1217,36.51,M,Married,A101,4,A121,39,A143,A152,1,A173,1,A192,A201
402,SILVER,18,YES,NO,A49,1887,A65,NA,A73,746,29.84,M,Married,A101,4,A121,28,A141,A152,2,A173,1,A191,A201
403,NA,24,YES,NO,A49,8648,A61,32,A72,2295,45.9,M,Umarried,A101,2,A123,27,A141,A152,2,A173,1,A192,A201
404,NA,14,YES,NO,A40,802,A61,85,A73,930,37.2,M,Umarried,A101,2,A123,27,A143,A152,2,A172,1,A191,A201
405,SILVER,18,YES,NO,A40,2899,A65,NA,A75,886,35.44,M,Umarried,A101,4,A123,43,A143,A152,1,A173,2,A191,A201
406,SILVER,24,YES,YES,A40,2039,A61,40,A72,3499,34.99,M,Married,A101,1,A122,22,A143,A152,1,A173,1,A192,A201
407,NA,24,YES,NO,A40,2197,A65,NA,A74,934,37.36,M,Umarried,A101,4,A123,43,A143,A152,2,A173,2,A192,A201
408,BRONZE,15,YES,YES,A40,1053,A61,3,A72,941,37.64,M,Married,A101,2,A121,27,A143,A152,1,A173,1,A191,A202
409,NA,24,YES,YES,A40,3235,A63,965,A75,1317,39.51,M,Divorced,A101,2,A123,26,A143,A152,1,A174,1,A192,A201
410,GOLD,12,YES,NO,A40,939,A63,580,A74,798,31.92,M,Married,A101,2,A121,28,A143,A152,3,A173,1,A192,A201
411,SILVER,24,YES,YES,A40,1967,A61,18,A75,1038,41.52,F,Divorced,A101,4,A123,20,A143,A152,1,A173,1,A192,A201
412,NA,33,YES,NO,A40,7253,A61,85,A74,1499,44.97,M,Umarried,A101,2,A123,35,A143,A152,2,A174,1,A192,A201
413,NA,12,YES,NO,A49,2292,A61,75,A71,1031,41.24,M,Umarried,A101,2,A123,42,A142,A152,2,A174,1,A192,A201
414,NA,10,YES,YES,A40,1597,A63,569,A73,1465,43.95,M,Umarried,A101,2,A124,40,A143,A151,1,A172,2,A191,A202
415,BRONZE,24,YES,YES,A40,1381,A65,NA,A73,716,28.64,F,Divorced,A101,2,A122,35,A143,A152,1,A173,1,A191,A201
416,NA,36,YES,NO,A40,5842,A61,71,A75,2509,50.18,M,Umarried,A101,2,A122,35,A143,A152,2,A173,2,A192,A201
417,BRONZE,12,YES,YES,A40,2579,A61,84,A72,822,32.88,M,Umarried,A101,1,A121,33,A143,A152,1,A172,2,A191,A201
418,BRONZE,18,YES,NO,A46,8471,A65,NA,A73,3195,31.95,F,Divorced,A101,2,A123,23,A143,A151,2,A173,1,A192,A201
419,NA,21,YES,YES,A40,2782,A63,589,A74,3457,34.57,F,Divorced,A101,2,A123,31,A141,A152,1,A174,1,A191,A201
420,SILVER,18,YES,YES,A40,1042,A65,NA,A73,1112,44.48,F,Divorced,A101,2,A122,33,A143,A152,1,A173,1,A191,A201
421,NA,15,YES,YES,A40,3186,A64,1334,A74,1817,36.34,F,Divorced,A101,3,A123,20,A143,A151,1,A173,1,A191,A201
422,SILVER,12,YES,YES,A40,2028,A65,NA,A73,1087,43.48,M,Umarried,A101,2,A123,30,A143,A152,1,A173,1,A191,A201
423,SILVER,12,YES,NO,A40,958,A61,1,A74,2558,51.16,M,Umarried,A101,3,A121,47,A143,A152,2,A172,2,A191,A201
424,NA,21,YES,NO,A40,1591,A62,448,A74,731,29.24,M,Umarried,A101,3,A121,34,A143,A152,2,A174,1,A191,A201
425,SILVER,12,YES,YES,A40,2762,A65,NA,A75,3423,34.23,F,Divorced,A101,2,A122,25,A141,A152,1,A173,1,A192,A201
426,SILVER,18,YES,YES,A40,2779,A61,90,A73,2611,26.11,M,Married,A101,3,A123,21,A143,A151,1,A173,1,A192,A201
427,NA,28,YES,NO,A40,2743,A61,25,A75,764,30.56,M,Umarried,A101,2,A123,29,A143,A152,2,A173,1,A191,A201
428,NA,18,YES,NO,A40,1149,A64,3592,A73,1073,42.92,M,Umarried,A101,3,A121,46,A143,A152,2,A173,1,A191,A201
429,NA,9,YES,YES,A40,1313,A61,75,A75,3092,30.92,M,Umarried,A101,4,A123,20,A143,A152,1,A173,1,A191,A201
430,BRONZE,18,YES,NO,A40,1190,A61,98,A71,2511,50.22,F,Divorced,A101,4,A124,55,A143,A153,3,A171,2,A191,A201
431,NA,5,YES,YES,A49,3448,A61,26,A74,2647,26.47,M,Umarried,A101,4,A121,74,A143,A152,1,A172,1,A191,A201
432,SILVER,24,YES,YES,A410,11328,A61,19,A73,1848,36.96,M,Umarried,A102,3,A123,29,A141,A152,2,A174,1,A192,A201
433,BRONZE,6,YES,NO,A40,1872,A61,30,A71,960,38.4,M,Umarried,A101,4,A124,36,A143,A153,3,A174,1,A192,A201
434,NA,24,YES,NO,A40,2058,A61,76,A73,1119,44.76,M,Divorced,A101,2,A121,33,A143,A152,2,A173,1,A192,A201
435,BRONZE,9,YES,YES,A40,2136,A61,70,A73,1216,36.48,M,Umarried,A101,2,A121,25,A143,A152,1,A173,1,A191,A201
436,SILVER,12,YES,YES,A40,1484,A65,NA,A73,2370,47.4,M,Married,A101,1,A121,25,A143,A152,1,A173,1,A192,A201
437,NA,6,YES,YES,A40,660,A63,885,A74,2125,42.5,M,Married,A101,4,A121,23,A143,A151,1,A172,1,A191,A201
438,NA,24,YES,NO,A40,1287,A64,1171,A75,1142,45.68,F,Divorced,A101,4,A121,37,A143,A152,2,A173,1,A192,A201
439,BRONZE,42,YES,NO,A40,3394,A61,39,A71,719,28.76,M,Umarried,A102,4,A123,65,A143,A152,2,A171,1,A191,A201
440,GOLD,12,NO,YES,A49,609,A61,29,A72,889,35.56,F,Divorced,A101,1,A121,26,A143,A152,1,A171,1,A191,A201
441,NA,12,YES,YES,A40,1884,A61,3,A75,822,32.88,M,Umarried,A101,4,A123,39,A143,A152,1,A174,1,A192,A201
442,BRONZE,12,YES,YES,A40,1620,A61,43,A73,2219,44.38,F,Divorced,A102,3,A122,30,A143,A152,1,A173,1,A191,A201
443,SILVER,20,YES,NO,A410,2629,A61,81,A73,2109,42.18,M,Umarried,A101,3,A123,29,A141,A152,2,A173,1,A192,A201
444,NA,12,YES,YES,A46,719,A61,73,A75,975,39,M,Umarried,A101,4,A123,41,A141,A152,1,A172,2,A191,A201
445,SILVER,48,YES,NO,A40,5096,A61,94,A73,2221,44.42,F,Divorced,A101,3,A123,30,A143,A152,1,A174,1,A192,A201
446,NA,9,YES,NO,A46,1244,A65,NA,A75,860,34.4,F,Divorced,A101,4,A122,41,A143,A151,2,A172,1,A191,A201
447,BRONZE,36,YES,YES,A40,1842,A61,53,A72,1018,40.72,F,Divorced,A101,4,A123,34,A143,A152,1,A173,1,A192,A201
448,SILVER,7,YES,YES,A40,2576,A61,61,A73,2459,49.18,M,Umarried,A103,2,A121,35,A143,A152,1,A173,1,A191,A201
449,GOLD,12,YES,YES,A40,1424,A65,NA,A75,1480,44.4,F,Divorced,A101,4,A121,55,A143,A152,1,A174,1,A192,A201
450,SILVER,15,YES,NO,A40,1512,A64,2799,A73,1685,50.55,M,Married,A101,3,A122,61,A142,A152,2,A173,1,A191,A201
451,NA,36,YES,NO,A40,11054,A65,NA,A73,1137,45.48,M,Umarried,A101,2,A123,30,A143,A152,1,A174,1,A192,A201
452,NA,6,YES,YES,A40,518,A61,34,A73,1488,44.64,F,Divorced,A101,1,A121,29,A143,A152,1,A173,1,A191,A201
453,NA,12,NO,YES,A40,2759,A61,31,A75,2108,42.16,M,Umarried,A101,4,A122,34,A143,A152,2,A173,1,A191,A201
454,NA,24,YES,YES,A40,2670,A61,50,A75,1196,47.84,M,Umarried,A101,4,A123,35,A143,A152,1,A174,1,A192,A201
455,BRONZE,24,YES,YES,A40,4817,A61,22,A74,2294,45.88,M,Umarried,A102,3,A122,31,A143,A152,1,A173,1,A192,A201
456,NA,24,YES,YES,A40,2679,A61,69,A72,762,30.48,F,Divorced,A101,1,A124,29,A143,A152,1,A174,1,A192,A201
457,BRONZE,11,YES,NO,A40,3905,A61,55,A73,2566,51.32,M,Umarried,A101,2,A121,36,A143,A151,2,A173,2,A191,A201
458,BRONZE,12,YES,YES,A40,3386,A61,10,A75,1263,37.89,M,Umarried,A101,4,A124,35,A143,A153,1,A173,1,A192,A201
459,BRONZE,6,YES,YES,A40,343,A61,28,A72,822,32.88,F,Divorced,A101,1,A121,27,A143,A152,1,A173,1,A191,A201
460,NA,18,YES,YES,A40,4594,A61,30,A72,1351,40.53,M,Umarried,A101,2,A123,32,A143,A152,1,A173,1,A192,A201
461,BRONZE,36,YES,YES,A40,3620,A61,34,A73,2961,29.61,M,Umarried,A103,2,A122,37,A143,A152,1,A173,2,A191,A201
462,BRONZE,15,YES,YES,A40,1721,A61,47,A72,2124,42.48,M,Umarried,A101,3,A121,36,A143,A152,1,A173,1,A191,A201
463,SILVER,12,YES,YES,A40,3017,A61,3,A72,1482,44.46,F,Divorced,A101,1,A121,34,A143,A151,1,A174,1,A191,A201
464,SILVER,12,YES,YES,A48,754,A65,NA,A75,944,37.76,M,Umarried,A101,4,A122,38,A143,A152,2,A173,1,A191,A201
465,NA,18,YES,YES,A49,1950,A61,24,A74,1106,44.24,M,Umarried,A101,1,A123,34,A142,A152,2,A173,1,A192,A201
466,BRONZE,24,YES,YES,A40,2924,A61,55,A73,1621,48.63,M,Umarried,A103,4,A124,63,A141,A152,1,A173,2,A192,A201
467,BRONZE,24,YES,NO,A40,1659,A61,16,A72,818,32.72,F,Divorced,A101,2,A123,29,A143,A151,1,A172,1,A192,A201
468,NA,48,YES,NO,A40,7238,A65,NA,A75,1618,48.54,M,Umarried,A101,3,A123,32,A141,A152,2,A173,2,A191,A201
469,NA,33,YES,NO,A49,2764,A61,8,A73,2237,44.74,F,Divorced,A101,2,A123,26,A143,A152,2,A173,1,A192,A201
470,NA,24,YES,NO,A40,4679,A61,19,A74,1630,48.9,M,Umarried,A101,3,A123,35,A143,A152,2,A172,1,A192,A201
471,SILVER,24,YES,YES,A40,3092,A62,357,A72,1202,36.06,M,Married,A101,2,A123,22,A143,A151,1,A173,1,A192,A201
472,BRONZE,6,YES,YES,A46,448,A61,53,A72,779,31.16,F,Divorced,A101,4,A122,23,A143,A152,1,A173,1,A191,A201
473,BRONZE,9,YES,YES,A40,654,A61,8,A73,1044,41.76,M,Umarried,A101,3,A123,28,A143,A152,1,A172,1,A191,A201
474,NA,6,YES,YES,A48,1238,A65,NA,A71,1139,45.56,M,Umarried,A101,4,A122,36,A143,A152,1,A174,2,A192,A201
475,SILVER,18,YES,NO,A40,1245,A61,43,A73,732,29.28,M,Married,A101,2,A123,33,A143,A152,1,A173,1,A191,A201
476,BRONZE,18,NO,YES,A40,3114,A61,32,A72,2861,28.61,F,Divorced,A101,4,A122,26,A143,A151,1,A173,1,A191,A201
477,NA,39,YES,YES,A40,2569,A63,702,A73,839,33.56,M,Umarried,A101,4,A123,24,A143,A152,1,A173,1,A191,A201
478,GOLD,24,YES,YES,A40,5152,A61,4,A74,1041,41.64,M,Umarried,A101,2,A123,25,A141,A152,1,A173,1,A191,A201
479,SILVER,12,YES,YES,A49,1037,A62,295,A74,1638,49.14,M,Umarried,A101,4,A121,39,A143,A152,1,A172,1,A191,A201
480,BRONZE,15,YES,NO,A40,1478,A61,29,A75,852,34.08,M,Umarried,A101,4,A123,44,A143,A152,2,A173,2,A192,A201
481,SILVER,12,YES,NO,A40,3573,A61,87,A73,3362,33.62,F,Divorced,A101,1,A121,23,A143,A152,1,A172,1,A191,A201
482,SILVER,24,YES,YES,A40,1201,A61,23,A72,1052,42.08,M,Umarried,A101,1,A122,26,A143,A152,1,A173,1,A191,A201
483,BRONZE,30,YES,YES,A40,3622,A64,3507,A75,1183,47.32,F,Divorced,A101,4,A122,57,A143,A151,2,A173,1,A192,A201
484,NA,15,YES,NO,A40,960,A64,2334,A74,1628,48.84,F,Divorced,A101,2,A122,30,A143,A152,2,A173,1,A191,A201
485,NA,12,YES,NO,A40,1163,A63,674,A73,951,38.04,M,Umarried,A101,4,A121,44,A143,A152,1,A173,1,A192,A201
486,SILVER,6,YES,NO,A40,1209,A61,10,A71,722,28.88,M,Umarried,A101,4,A122,47,A143,A152,1,A174,1,A192,A201
487,NA,12,YES,YES,A40,3077,A61,46,A73,2322,46.44,M,Umarried,A101,4,A123,52,A143,A152,1,A173,1,A192,A201
488,NA,24,YES,YES,A40,3757,A61,67,A75,985,39.4,F,Divorced,A102,4,A124,62,A143,A153,1,A173,1,A192,A201
489,NA,10,YES,YES,A40,1418,A62,353,A73,1402,42.06,M,Umarried,A101,2,A121,35,A143,A151,1,A172,1,A191,A202
490,NA,6,YES,YES,A40,3518,A61,17,A73,2336,46.72,M,Umarried,A103,3,A122,26,A143,A151,1,A173,1,A191,A201
491,NA,12,YES,NO,A40,1934,A61,85,A75,2270,45.4,M,Umarried,A101,2,A124,26,A143,A152,2,A173,1,A191,A201
492,SILVER,27,NO,YES,A49,8318,A61,31,A75,2068,41.36,F,Divorced,A101,4,A124,42,A143,A153,2,A174,1,A192,A201
493,NA,6,YES,NO,A40,1237,A62,291,A73,2786,27.86,F,Divorced,A101,1,A122,27,A143,A152,2,A173,1,A191,A201
494,SILVER,6,YES,YES,A40,368,A65,NA,A75,944,37.76,M,Umarried,A101,4,A122,38,A143,A152,1,A173,1,A191,A201
495,BRONZE,12,YES,NO,A40,2122,A61,47,A73,1718,51.54,M,Umarried,A101,2,A121,39,A143,A151,2,A172,2,A191,A202
496,BRONZE,24,YES,YES,A40,2996,A65,NA,A73,1903,38.06,M,Married,A101,4,A123,20,A143,A152,1,A173,1,A191,A201
497,SILVER,36,YES,YES,A40,9034,A62,470,A72,1043,41.72,M,Umarried,A102,1,A124,29,A143,A151,1,A174,1,A192,A201
498,NA,24,YES,NO,A40,1585,A61,13,A74,990,39.6,M,Umarried,A101,3,A122,40,A143,A152,2,A173,1,A191,A201
499,SILVER,18,YES,YES,A40,1301,A61,15,A75,1107,44.28,M,Married,A103,2,A121,32,A143,A152,1,A172,1,A191,A201
500,GOLD,6,YES,NO,A40,1323,A62,382,A75,2298,45.96,M,Divorced,A101,4,A123,28,A143,A152,2,A173,2,A192,A201
501,BRONZE,24,YES,YES,A40,3123,A61,51,A72,736,29.44,F,Divorced,A101,1,A122,27,A143,A152,1,A173,1,A191,A201
502,BRONZE,36,YES,YES,A40,5493,A61,11,A75,2586,51.72,M,Umarried,A101,4,A124,42,A143,A153,1,A173,2,A191,A201
503,GOLD,9,YES,YES,A40,1126,A62,159,A75,2384,47.68,M,Divorced,A101,4,A121,49,A143,A152,1,A173,1,A191,A201
504,SILVER,24,YES,NO,A40,1216,A62,109,A72,797,31.88,M,Umarried,A101,4,A124,38,A141,A152,2,A173,2,A191,A201
505,BRONZE,24,YES,YES,A40,1207,A61,11,A72,994,39.76,F,Divorced,A101,4,A122,24,A143,A151,1,A173,1,A191,A201
506,NA,10,YES,YES,A40,1309,A65,NA,A73,1115,44.6,M,Umarried,A103,4,A122,27,A143,A152,1,A172,1,A191,A201
507,GOLD,15,YES,NO,A40,2360,A63,792,A73,2573,51.46,M,Umarried,A101,2,A123,36,A143,A152,1,A173,1,A192,A201
508,SILVER,15,NO,YES,A40,6850,A62,392,A71,2863,28.63,M,Umarried,A101,2,A122,34,A143,A152,1,A174,2,A192,A201
509,NA,24,YES,YES,A40,1413,A61,28,A73,1132,45.28,M,Married,A101,2,A122,28,A143,A152,1,A173,1,A191,A201
510,NA,39,YES,YES,A40,8588,A62,161,A75,1013,40.52,M,Umarried,A101,2,A123,45,A143,A152,1,A174,1,A192,A201
511,BRONZE,12,YES,YES,A40,759,A61,97,A74,952,38.08,M,Umarried,A101,2,A121,26,A143,A152,1,A173,1,A191,A201
512,NA,36,YES,YES,A40,4686,A61,80,A73,1988,39.76,M,Umarried,A101,2,A124,32,A143,A153,1,A174,1,A192,A201
513,GOLD,15,YES,YES,A49,2687,A61,6,A74,2167,43.34,M,Umarried,A101,4,A122,26,A143,A151,1,A173,1,A192,A201
514,SILVER,12,YES,NO,A40,585,A61,29,A73,752,30.08,M,Married,A102,4,A121,20,A143,A151,2,A173,1,A191,A201
515,NA,24,YES,YES,A40,2255,A65,NA,A72,861,34.44,M,Umarried,A101,1,A122,54,A143,A152,1,A173,1,A191,A201
516,BRONZE,6,YES,NO,A40,609,A61,24,A74,847,33.88,F,Divorced,A101,3,A122,37,A143,A152,2,A173,1,A191,A202
517,BRONZE,6,YES,NO,A40,1361,A61,61,A72,2465,49.3,M,Umarried,A101,4,A121,40,A143,A152,1,A172,2,A191,A202
518,NA,36,YES,NO,A40,7127,A61,1,A72,2287,45.74,F,Divorced,A101,4,A122,23,A143,A151,2,A173,1,A192,A201
519,BRONZE,6,YES,YES,A40,1203,A62,323,A75,1291,38.73,M,Umarried,A101,2,A122,43,A143,A152,1,A173,1,A192,A201
520,NA,6,YES,NO,A40,700,A65,NA,A75,876,35.04,M,Umarried,A101,4,A124,36,A143,A153,2,A173,1,A191,A201
521,NA,24,YES,NO,A40,5507,A61,86,A75,1786,53.58,M,Umarried,A101,4,A124,44,A143,A153,2,A173,1,A191,A201
522,BRONZE,18,YES,YES,A40,3190,A61,11,A73,2232,44.64,F,Divorced,A101,2,A121,24,A143,A152,1,A173,1,A191,A201
523,BRONZE,48,NO,YES,A40,7119,A61,61,A73,1458,43.74,M,Umarried,A101,4,A124,53,A143,A153,2,A173,2,A191,A201
524,NA,24,YES,YES,A40,3488,A62,378,A74,1316,39.48,F,Divorced,A101,4,A123,23,A143,A152,1,A173,1,A191,A201
525,SILVER,18,YES,YES,A40,1113,A61,53,A73,844,33.76,F,Divorced,A103,4,A121,26,A143,A152,1,A172,2,A191,A201
526,SILVER,26,YES,YES,A40,7966,A61,67,A72,2399,47.98,M,Umarried,A101,3,A123,30,A143,A152,2,A173,1,A191,A201
527,NA,15,YES,NO,A46,1532,A62,487,A73,731,29.24,F,Divorced,A101,3,A123,31,A143,A152,1,A173,1,A191,A201
528,NA,4,YES,NO,A40,1503,A61,31,A74,1951,39.02,M,Umarried,A101,1,A121,42,A143,A152,2,A172,2,A191,A201
529,BRONZE,36,YES,YES,A40,2302,A61,81,A73,710,28.4,M,Divorced,A101,4,A123,31,A143,A151,1,A173,1,A191,A201
530,BRONZE,6,YES,YES,A40,662,A61,34,A72,1351,40.53,M,Umarried,A101,4,A121,41,A143,A152,1,A172,2,A192,A201
531,SILVER,36,YES,YES,A46,2273,A61,4,A74,1237,37.11,M,Umarried,A101,1,A123,32,A143,A152,2,A173,2,A191,A201
532,SILVER,15,YES,YES,A40,2631,A62,415,A73,2406,48.12,F,Divorced,A101,4,A123,28,A143,A151,2,A173,1,A192,A201
533,NA,12,YES,NO,A40,1503,A61,29,A73,1182,47.28,M,Married,A101,4,A121,41,A143,A151,1,A173,1,A191,A201
534,NA,24,YES,YES,A40,1311,A62,185,A74,1102,44.08,M,Married,A101,3,A122,26,A143,A152,1,A173,1,A192,A201
535,NA,24,YES,YES,A40,3105,A65,NA,A72,1140,45.6,M,Umarried,A101,2,A123,25,A143,A152,2,A173,1,A191,A201
536,GOLD,21,YES,NO,A46,2319,A61,16,A72,2145,42.9,M,Divorced,A101,1,A123,33,A143,A151,1,A173,1,A191,A201
537,BRONZE,6,YES,YES,A40,1374,A65,NA,A71,944,37.76,F,Divorced,A101,3,A122,75,A143,A152,1,A174,1,A192,A201
538,SILVER,18,YES,NO,A40,3612,A61,25,A75,1652,49.56,F,Divorced,A101,4,A122,37,A143,A152,1,A173,1,A192,A201
539,BRONZE,48,YES,YES,A40,7763,A61,93,A75,986,39.44,M,Umarried,A101,4,A124,42,A141,A153,1,A174,1,A191,A201
540,GOLD,18,YES,YES,A40,3049,A61,8,A72,3323,33.23,F,Divorced,A101,1,A122,45,A142,A152,1,A172,1,A191,A201
541,SILVER,12,YES,YES,A40,1534,A61,60,A72,3083,30.83,M,Married,A101,1,A121,23,A143,A151,1,A173,1,A191,A201
542,NA,24,YES,NO,A40,2032,A61,87,A75,1079,43.16,M,Umarried,A101,4,A124,60,A143,A153,2,A173,1,A192,A201
543,BRONZE,30,YES,YES,A40,6350,A65,NA,A75,915,36.6,M,Umarried,A101,4,A122,31,A143,A152,1,A173,1,A191,A201
544,GOLD,18,YES,YES,A40,2864,A61,61,A73,1950,39,M,Umarried,A101,1,A121,34,A143,A152,1,A172,2,A191,A201
545,NA,12,YES,NO,A40,1255,A61,77,A75,876,35.04,M,Umarried,A101,4,A121,61,A143,A152,2,A172,1,A191,A201
546,BRONZE,24,YES,NO,A40,1333,A61,56,A71,718,28.72,M,Umarried,A101,2,A121,43,A143,A153,2,A173,2,A191,A201
547,NA,24,YES,NO,A40,2022,A61,29,A73,1055,42.2,F,Divorced,A101,4,A123,37,A143,A152,1,A173,1,A192,A201
548,NA,24,YES,YES,A40,1552,A61,74,A74,1283,38.49,M,Umarried,A101,1,A123,32,A141,A152,1,A173,2,A191,A201
549,BRONZE,12,NO,YES,A40,626,A61,12,A73,964,38.56,F,Divorced,A101,4,A121,24,A141,A152,1,A172,1,A191,A201
550,NA,48,YES,NO,A40,8858,A65,NA,A74,2101,42.02,M,Umarried,A101,1,A124,35,A143,A153,2,A173,1,A192,A201
551,NA,12,YES,NO,A40,996,A65,NA,A74,1192,47.68,F,Divorced,A101,4,A121,23,A143,A152,2,A173,1,A191,A201
552,NA,6,NO,YES,A40,1750,A63,853,A75,2187,43.74,M,Umarried,A101,4,A122,45,A141,A152,1,A172,2,A191,A201
553,BRONZE,48,YES,YES,A40,6999,A61,55,A74,3393,33.93,M,Married,A103,1,A121,34,A143,A152,2,A173,1,A192,A201
554,SILVER,12,YES,NO,A40,1995,A62,369,A72,930,37.2,M,Umarried,A101,1,A123,27,A143,A152,1,A173,1,A191,A201
555,SILVER,9,YES,YES,A46,1199,A61,7,A74,921,36.84,F,Divorced,A101,4,A122,67,A143,A152,2,A174,1,A192,A201
556,SILVER,12,YES,YES,A40,1331,A61,27,A72,2157,43.14,M,Umarried,A101,1,A123,22,A142,A152,1,A173,1,A191,A201
557,SILVER,18,NO,YES,A40,2278,A62,315,A72,1638,49.14,F,Divorced,A101,3,A123,28,A143,A152,2,A173,1,A191,A201
558,NA,21,NO,YES,A40,5003,A65,NA,A73,2951,29.51,F,Divorced,A101,4,A122,29,A141,A152,2,A173,1,A192,A201
559,BRONZE,24,NO,YES,A40,3552,A61,3,A74,1468,44.04,M,Umarried,A101,4,A123,27,A141,A152,1,A173,1,A191,A201
560,SILVER,18,YES,NO,A40,1928,A61,25,A72,2557,51.14,M,Umarried,A101,2,A121,31,A143,A152,2,A172,1,A191,A201
561,BRONZE,24,YES,YES,A40,2964,A65,NA,A75,782,31.28,M,Umarried,A101,4,A124,49,A141,A153,1,A173,2,A192,A201
562,BRONZE,24,NO,YES,A40,1546,A61,35,A74,847,33.88,M,Umarried,A103,4,A123,24,A141,A151,1,A172,1,A191,A201
563,GOLD,6,YES,NO,A40,683,A61,47,A72,2309,46.18,F,Divorced,A101,1,A122,29,A141,A152,1,A173,1,A191,A201
564,SILVER,36,YES,YES,A40,12389,A65,NA,A73,3468,34.68,M,Umarried,A101,4,A124,37,A143,A153,1,A173,1,A192,A201
565,SILVER,24,YES,NO,A49,4712,A65,NA,A73,1062,42.48,M,Umarried,A101,2,A122,37,A141,A152,2,A174,1,A192,A201
566,SILVER,24,YES,NO,A40,1553,A62,351,A74,1631,48.93,F,Divorced,A101,2,A122,23,A143,A151,2,A173,1,A192,A201
567,BRONZE,12,YES,YES,A40,1372,A61,44,A74,2406,48.12,M,Divorced,A101,3,A123,36,A143,A152,1,A173,1,A191,A201
568,NA,24,YES,NO,A40,2578,A64,2572,A75,2087,41.74,M,Umarried,A101,2,A123,34,A143,A152,1,A173,1,A191,A201
569,SILVER,48,YES,YES,A40,3979,A65,NA,A74,719,28.76,M,Umarried,A101,1,A123,41,A143,A152,2,A173,2,A192,A201
570,BRONZE,48,YES,YES,A40,6758,A61,64,A73,1735,52.05,F,Divorced,A101,2,A123,31,A143,A152,1,A173,1,A192,A201
571,BRONZE,24,YES,YES,A40,3234,A61,22,A72,707,28.28,F,Divorced,A101,4,A121,23,A143,A151,1,A172,1,A192,A201
572,NA,30,YES,NO,A40,5954,A61,48,A74,1421,42.63,M,Umarried,A102,2,A123,38,A143,A152,1,A173,1,A191,A201
573,NA,24,YES,YES,A40,5433,A65,NA,A71,2328,46.56,F,Divorced,A101,4,A122,26,A143,A151,1,A174,1,A192,A201
574,BRONZE,15,YES,YES,A49,806,A61,54,A73,958,38.32,F,Divorced,A101,4,A122,22,A143,A152,1,A172,1,A191,A201
575,SILVER,9,YES,YES,A40,1082,A61,75,A75,1023,40.92,M,Umarried,A101,4,A123,27,A143,A152,2,A172,1,A191,A201
576,NA,15,YES,NO,A40,2788,A61,20,A74,2052,41.04,F,Divorced,A102,3,A123,24,A141,A152,2,A173,1,A191,A201
577,SILVER,12,YES,YES,A40,2930,A61,87,A74,2011,40.22,F,Divorced,A101,1,A121,27,A143,A152,1,A173,1,A191,A201
578,NA,24,YES,NO,A46,1927,A65,NA,A73,1694,50.82,F,Divorced,A101,2,A123,33,A143,A152,2,A173,1,A192,A201
579,SILVER,36,YES,NO,A40,2820,A61,76,A72,856,34.24,M,Divorced,A101,4,A123,27,A143,A152,2,A173,1,A191,A201
580,NA,24,YES,YES,A48,937,A61,11,A72,984,39.36,M,Married,A101,3,A123,27,A143,A152,2,A172,1,A191,A201
581,SILVER,18,YES,NO,A40,1056,A61,99,A75,1391,41.73,M,Umarried,A103,3,A121,30,A141,A152,2,A173,1,A191,A201
582,SILVER,12,YES,NO,A40,3124,A61,7,A72,3124,31.24,M,Umarried,A101,3,A121,49,A141,A152,2,A172,2,A191,A201
583,NA,9,YES,YES,A40,1388,A61,90,A73,943,37.72,F,Divorced,A101,2,A121,26,A143,A151,1,A173,1,A191,A201
584,SILVER,36,YES,YES,A40,2384,A61,89,A72,873,34.92,M,Umarried,A101,1,A124,33,A143,A151,1,A172,1,A191,A201
585,NA,12,YES,YES,A40,2133,A65,NA,A75,768,30.72,F,Divorced,A101,4,A124,52,A143,A153,1,A174,1,A192,A201
586,BRONZE,18,YES,YES,A40,2039,A61,2,A73,2749,27.49,F,Divorced,A101,4,A121,20,A141,A151,1,A173,1,A191,A201
587,BRONZE,9,YES,NO,A40,2799,A61,70,A73,2296,45.92,M,Umarried,A101,2,A121,36,A143,A151,2,A173,2,A191,A201
588,BRONZE,12,YES,YES,A40,1289,A61,96,A73,942,37.68,M,Umarried,A103,1,A122,21,A143,A152,1,A172,1,A191,A201
589,BRONZE,18,YES,YES,A40,1217,A61,54,A73,1009,40.36,M,Married,A101,3,A121,47,A143,A152,1,A172,1,A192,A201
590,BRONZE,12,YES,NO,A40,2246,A61,36,A75,1246,37.38,M,Umarried,A101,3,A122,60,A143,A152,2,A173,1,A191,A201
591,BRONZE,12,YES,NO,A40,385,A61,93,A74,1106,44.24,F,Divorced,A101,3,A121,58,A143,A152,4,A172,1,A192,A201
592,SILVER,24,YES,NO,A40,1965,A65,NA,A73,950,38,F,Divorced,A101,4,A123,42,A143,A151,2,A173,1,A192,A201
593,NA,21,YES,YES,A49,1572,A64,1953,A75,1165,46.6,F,Divorced,A101,4,A121,36,A141,A152,1,A172,1,A191,A201
594,SILVER,24,YES,YES,A40,2718,A61,2,A73,1738,52.14,F,Divorced,A101,4,A122,20,A143,A151,1,A172,1,A192,A201
595,BRONZE,24,NO,YES,A410,1358,A65,NA,A75,734,29.36,M,Umarried,A101,3,A123,40,A142,A152,1,A174,1,A192,A201
596,SILVER,6,NO,YES,A40,931,A62,116,A72,3139,31.39,F,Divorced,A101,1,A122,32,A142,A152,1,A172,1,A191,A201
597,BRONZE,24,YES,YES,A40,1442,A61,40,A74,738,29.52,F,Divorced,A101,4,A123,23,A143,A151,2,A173,1,A191,A201
598,SILVER,24,NO,YES,A49,4241,A61,85,A73,3404,34.04,M,Umarried,A101,4,A121,36,A143,A152,3,A172,1,A192,A201
599,NA,18,YES,NO,A40,2775,A61,98,A74,2056,41.12,M,Umarried,A101,2,A122,31,A141,A152,2,A173,1,A191,A201
600,NA,24,YES,NO,A49,3863,A61,69,A73,3242,32.42,M,Umarried,A101,2,A124,32,A143,A153,1,A173,1,A191,A201
601,SILVER,7,YES,YES,A40,2329,A61,95,A72,3094,30.94,F,Divorced,A103,1,A121,45,A143,A152,1,A173,1,A191,A201
602,SILVER,9,YES,YES,A40,918,A61,72,A73,1050,42,F,Divorced,A101,1,A122,30,A143,A152,1,A173,1,A191,A201
603,SILVER,24,NO,YES,A46,1837,A61,83,A74,1058,42.32,F,Divorced,A101,4,A124,34,A141,A153,1,A172,1,A191,A201
604,NA,36,YES,YES,A40,3349,A61,75,A73,1089,43.56,F,Divorced,A101,2,A123,28,A143,A152,1,A174,1,A192,A201
605,GOLD,10,YES,YES,A40,1275,A61,17,A72,1120,44.8,F,Divorced,A101,2,A122,23,A143,A152,1,A173,1,A191,A201
606,BRONZE,24,NO,YES,A40,2828,A63,598,A73,1162,46.48,M,Umarried,A101,4,A121,22,A142,A152,1,A173,1,A192,A201
607,NA,24,YES,NO,A49,4526,A61,50,A73,1529,45.87,M,Umarried,A101,2,A121,74,A143,A152,1,A174,1,A192,A201
608,SILVER,36,YES,YES,A40,2671,A62,391,A73,1138,45.52,F,Divorced,A102,4,A124,50,A143,A153,1,A173,1,A191,A201
609,NA,18,YES,YES,A40,2051,A61,21,A72,793,31.72,M,Umarried,A101,1,A121,33,A143,A152,1,A173,1,A191,A201
610,NA,15,YES,YES,A40,1300,A65,NA,A75,1070,42.8,M,Umarried,A101,4,A124,45,A141,A153,1,A173,2,A191,A201
611,BRONZE,12,YES,YES,A40,741,A62,325,A71,740,29.6,F,Divorced,A101,3,A122,22,A143,A152,1,A173,1,A191,A201
612,GOLD,10,YES,YES,A40,1240,A62,405,A75,3199,31.99,F,Divorced,A101,4,A124,48,A143,A153,1,A172,2,A191,A201
613,BRONZE,21,YES,YES,A40,3357,A64,2438,A72,858,34.32,F,Divorced,A101,2,A123,29,A141,A152,1,A173,1,A191,A201
614,BRONZE,24,NO,YES,A40,3632,A61,5,A73,3286,32.86,F,Divorced,A103,4,A123,22,A141,A151,1,A173,1,A191,A202
615,NA,18,YES,NO,A40,1808,A61,20,A74,733,29.32,F,Divorced,A101,1,A121,22,A143,A152,1,A173,1,A191,A201
616,SILVER,48,NO,YES,A49,12204,A65,NA,A73,1857,37.14,M,Umarried,A101,2,A123,48,A141,A152,1,A174,1,A192,A201
617,SILVER,60,YES,NO,A40,9157,A65,NA,A73,2439,48.78,M,Umarried,A101,2,A124,27,A143,A153,1,A174,1,A191,A201
618,BRONZE,6,YES,NO,A40,3676,A61,68,A73,3325,33.25,M,Umarried,A101,3,A121,37,A143,A151,3,A173,2,A191,A201
619,SILVER,30,YES,YES,A40,3441,A62,294,A73,2198,43.96,F,Divorced,A102,4,A123,21,A143,A151,1,A173,1,A191,A201
620,NA,12,YES,YES,A40,640,A61,90,A73,1131,45.24,M,Divorced,A101,2,A121,49,A143,A152,1,A172,1,A191,A201
621,SILVER,21,YES,NO,A49,3652,A61,58,A74,2132,42.64,M,Umarried,A101,3,A122,27,A143,A152,2,A173,1,A191,A201
622,NA,18,YES,NO,A40,1530,A61,73,A73,1356,40.68,M,Umarried,A101,2,A122,32,A141,A152,2,A173,1,A191,A201
623,NA,48,YES,YES,A49,3914,A65,NA,A73,980,39.2,M,Divorced,A101,2,A121,38,A141,A152,1,A173,1,A191,A201
624,BRONZE,12,YES,YES,A40,1858,A61,50,A72,809,32.36,F,Divorced,A101,1,A123,22,A143,A151,1,A173,1,A191,A201
625,BRONZE,18,YES,YES,A40,2600,A61,92,A73,707,28.28,M,Umarried,A101,4,A124,65,A143,A153,2,A173,1,A191,A201
626,NA,15,YES,YES,A40,1979,A65,NA,A75,847,33.88,M,Umarried,A101,2,A123,35,A143,A152,1,A173,1,A191,A201
627,GOLD,6,YES,YES,A40,2116,A61,44,A73,1970,39.4,M,Umarried,A101,2,A121,41,A143,A152,1,A173,1,A192,A201
628,SILVER,9,NO,YES,A40,1437,A62,210,A74,2064,41.28,M,Umarried,A101,3,A124,29,A143,A152,1,A173,1,A191,A201
629,NA,42,YES,NO,A40,4042,A63,633,A73,1064,42.56,M,Umarried,A101,4,A121,36,A143,A152,2,A173,1,A192,A201
630,NA,9,YES,YES,A46,3832,A65,NA,A75,2855,28.55,M,Umarried,A101,4,A121,64,A143,A152,1,A172,1,A191,A201
631,BRONZE,24,YES,YES,A40,3660,A61,19,A73,2587,51.74,F,Divorced,A101,4,A123,28,A143,A152,1,A173,1,A191,A201
632,BRONZE,18,NO,YES,A40,1553,A61,90,A73,728,29.12,M,Umarried,A101,3,A123,44,A141,A152,1,A173,1,A191,A201
633,SILVER,15,YES,YES,A40,1444,A65,NA,A72,936,37.44,M,Umarried,A101,1,A122,23,A143,A152,1,A173,1,A191,A201
634,NA,9,YES,YES,A40,1980,A61,44,A72,2149,42.98,F,Divorced,A102,2,A123,19,A143,A151,2,A173,1,A191,A201
635,SILVER,24,YES,YES,A40,1355,A61,49,A72,1376,41.28,F,Divorced,A101,4,A123,25,A143,A152,1,A172,1,A192,A201
636,NA,12,YES,YES,A46,1393,A61,64,A75,1111,44.44,M,Umarried,A101,4,A122,47,A141,A152,3,A173,2,A192,A201
637,NA,24,YES,YES,A40,1376,A63,850,A74,944,37.76,F,Divorced,A101,1,A123,28,A143,A152,1,A173,1,A191,A201
638,NA,60,YES,NO,A40,15653,A61,91,A74,1915,38.3,M,Umarried,A101,4,A123,21,A143,A152,2,A173,1,A192,A201
639,NA,12,YES,YES,A40,1493,A61,44,A72,1136,45.44,F,Divorced,A101,3,A123,34,A143,A152,1,A173,2,A191,A201
640,BRONZE,42,YES,NO,A40,4370,A61,81,A74,1636,49.08,M,Umarried,A101,2,A122,26,A141,A152,2,A173,2,A192,A201
641,BRONZE,18,YES,YES,A46,750,A61,51,A71,1035,41.4,F,Divorced,A101,1,A121,27,A143,A152,1,A171,1,A191,A201
642,SILVER,15,YES,YES,A40,1308,A61,45,A75,777,31.08,M,Umarried,A101,4,A123,38,A143,A152,2,A172,1,A191,A201
643,NA,15,YES,YES,A46,4623,A62,479,A73,1463,43.89,M,Umarried,A101,2,A122,40,A143,A152,1,A174,1,A192,A201
644,NA,24,YES,NO,A40,1851,A61,82,A74,872,34.88,M,Married,A103,2,A123,33,A143,A152,2,A173,1,A192,A201
645,BRONZE,18,YES,NO,A40,1880,A61,41,A74,894,35.76,M,Married,A101,1,A122,32,A143,A152,2,A174,1,A192,A201
646,NA,36,YES,NO,A49,7980,A65,NA,A72,898,35.92,M,Umarried,A101,4,A123,27,A143,A151,2,A173,1,A192,A201
647,BRONZE,30,NO,YES,A40,4583,A61,89,A73,1804,36.08,M,Divorced,A103,2,A121,32,A143,A152,2,A173,1,A191,A201
648,NA,12,YES,YES,A40,1386,A63,847,A73,1897,37.94,F,Divorced,A101,2,A122,26,A143,A152,1,A173,1,A191,A201
649,GOLD,24,YES,YES,A40,947,A61,66,A74,939,37.56,M,Umarried,A101,3,A124,38,A141,A153,1,A173,2,A191,A201
650,BRONZE,12,YES,YES,A46,684,A61,44,A73,1168,46.72,M,Umarried,A101,4,A123,40,A143,A151,1,A172,2,A191,A201
651,BRONZE,48,YES,YES,A46,7476,A61,8,A74,987,39.48,M,Umarried,A101,1,A124,50,A143,A153,1,A174,1,A192,A201
652,SILVER,12,YES,YES,A40,1922,A61,15,A73,836,33.44,M,Umarried,A101,2,A122,37,A143,A152,1,A172,1,A191,A201
653,BRONZE,24,YES,YES,A40,2303,A61,27,A75,889,35.56,M,Umarried,A102,1,A121,45,A143,A152,1,A173,1,A191,A201
654,SILVER,36,YES,NO,A40,8086,A62,288,A75,2172,43.44,M,Umarried,A101,4,A123,42,A143,A152,4,A174,1,A192,A201
655,NA,24,YES,NO,A40,2346,A61,85,A74,806,32.24,M,Umarried,A101,3,A123,35,A143,A152,2,A173,1,A192,A201
656,BRONZE,14,YES,YES,A40,3973,A61,64,A71,2762,27.62,M,Umarried,A101,4,A124,22,A143,A153,1,A173,1,A191,A201
657,SILVER,12,YES,YES,A40,888,A61,19,A75,933,37.32,M,Umarried,A101,4,A123,41,A141,A152,1,A172,2,A191,A201
658,NA,48,YES,YES,A40,10222,A65,NA,A74,1090,43.6,M,Umarried,A101,3,A123,37,A142,A152,1,A173,1,A192,A201
659,SILVER,30,NO,YES,A49,4221,A61,70,A73,2520,50.4,F,Divorced,A101,1,A123,28,A143,A152,2,A173,1,A191,A201
660,SILVER,18,YES,NO,A40,6361,A61,10,A75,2139,42.78,M,Umarried,A101,1,A124,41,A143,A152,1,A173,1,A192,A201
661,GOLD,12,YES,YES,A40,1297,A61,31,A73,1408,42.24,M,Married,A101,4,A121,23,A143,A151,1,A173,1,A191,A201
662,BRONZE,12,YES,YES,A40,900,A65,NA,A73,1036,41.44,M,Married,A101,2,A123,23,A143,A152,1,A173,1,A191,A201
663,NA,21,YES,YES,A40,2241,A61,86,A75,903,36.12,M,Umarried,A101,2,A121,50,A143,A152,2,A173,1,A191,A201
664,SILVER,6,YES,NO,A40,1050,A61,45,A71,866,34.64,M,Umarried,A101,1,A122,35,A142,A152,2,A174,1,A192,A201
665,GOLD,6,YES,NO,A46,1047,A61,97,A73,1978,39.56,F,Divorced,A101,4,A122,50,A143,A152,1,A172,1,A191,A201
666,NA,24,YES,NO,A410,6314,A61,72,A71,1191,47.64,M,Umarried,A102,2,A124,27,A141,A152,2,A174,1,A192,A201
667,SILVER,30,NO,YES,A40,3496,A64,1010,A73,1059,42.36,M,Umarried,A101,2,A123,34,A142,A152,1,A173,2,A192,A201
668,NA,48,NO,YES,A49,3609,A61,81,A73,2873,28.73,F,Divorced,A101,1,A121,27,A142,A152,1,A173,1,A191,A201
669,BRONZE,12,YES,NO,A40,4843,A61,98,A75,1612,48.36,M,Umarried,A102,4,A122,43,A143,A151,2,A173,1,A192,A201
670,GOLD,30,YES,NO,A40,3017,A61,97,A75,1120,44.8,M,Umarried,A101,4,A122,47,A143,A152,1,A173,1,A191,A201
671,NA,24,YES,NO,A49,4139,A62,139,A73,1666,49.98,M,Umarried,A101,3,A122,27,A143,A152,2,A172,1,A192,A201
672,NA,36,YES,YES,A49,5742,A62,493,A74,2581,51.62,M,Umarried,A101,2,A123,31,A143,A152,2,A173,1,A192,A201
673,NA,60,YES,YES,A40,10366,A61,99,A75,1809,36.18,M,Umarried,A101,4,A122,42,A143,A152,1,A174,1,A192,A201
674,NA,6,YES,NO,A40,2080,A63,665,A73,2867,28.67,M,Married,A101,2,A123,24,A143,A152,1,A173,1,A191,A201
675,NA,21,YES,NO,A49,2580,A63,628,A72,703,28.12,M,Umarried,A101,2,A121,41,A141,A152,1,A172,2,A191,A201
676,NA,30,YES,NO,A40,4530,A61,41,A74,951,38.04,F,Divorced,A101,4,A123,26,A143,A151,1,A174,1,A192,A201
677,NA,24,YES,NO,A40,5150,A61,83,A75,781,31.24,M,Umarried,A101,4,A123,33,A143,A152,1,A173,1,A192,A201
678,SILVER,72,YES,YES,A40,5595,A62,455,A73,2490,49.8,M,Married,A101,2,A123,24,A143,A152,1,A173,1,A191,A201
679,BRONZE,24,YES,YES,A40,2384,A61,79,A75,782,31.28,M,Umarried,A101,4,A121,64,A141,A151,1,A172,1,A191,A201
680,NA,18,YES,YES,A40,1453,A61,79,A72,1270,38.1,F,Divorced,A101,1,A121,26,A143,A152,1,A173,1,A191,A201
681,NA,6,YES,YES,A46,1538,A61,38,A72,3263,32.63,F,Divorced,A101,2,A124,56,A143,A152,1,A173,1,A191,A201
682,NA,12,YES,YES,A40,2279,A65,NA,A73,1193,47.72,M,Umarried,A101,4,A124,37,A143,A153,1,A173,1,A192,A201
683,NA,15,YES,NO,A40,1478,A61,76,A73,901,36.04,M,Married,A101,3,A121,33,A141,A152,2,A173,1,A191,A201
684,NA,24,YES,NO,A40,5103,A61,49,A72,1587,47.61,M,Married,A101,3,A124,47,A143,A153,3,A173,1,A192,A201
685,SILVER,36,YES,NO,A49,9857,A62,365,A74,2765,27.65,M,Umarried,A101,3,A122,31,A143,A152,2,A172,2,A192,A201
686,NA,60,YES,YES,A40,6527,A65,NA,A73,1115,44.6,M,Umarried,A101,4,A124,34,A143,A153,1,A173,2,A192,A201
687,GOLD,10,YES,NO,A40,1347,A65,NA,A74,1173,46.92,M,Umarried,A101,2,A122,27,A143,A152,2,A173,1,A192,A201
688,SILVER,36,YES,NO,A40,2862,A62,287,A75,773,30.92,M,Umarried,A101,3,A124,30,A143,A153,1,A173,1,A191,A201
689,NA,9,YES,YES,A40,2753,A62,477,A75,1418,42.54,M,Umarried,A102,4,A123,35,A143,A152,1,A173,1,A192,A201
690,BRONZE,12,YES,YES,A40,3651,A64,1246,A73,3033,30.33,M,Umarried,A101,3,A122,31,A143,A152,1,A173,2,A191,A201
691,BRONZE,15,YES,NO,A40,975,A61,71,A73,2342,46.84,M,Divorced,A101,3,A122,25,A143,A152,2,A173,1,A191,A201
692,SILVER,15,YES,YES,A40,2631,A62,127,A73,1359,40.77,F,Divorced,A101,2,A121,25,A143,A152,1,A172,1,A191,A201
693,SILVER,24,YES,YES,A40,2896,A62,171,A72,1889,37.78,M,Umarried,A101,1,A123,29,A143,A152,1,A173,1,A191,A201
694,BRONZE,6,YES,NO,A40,4716,A65,NA,A72,3418,34.18,M,Umarried,A101,3,A121,44,A143,A152,2,A172,2,A191,A201
695,NA,24,YES,YES,A40,2284,A61,17,A74,1037,41.48,M,Umarried,A101,2,A123,28,A143,A152,1,A173,1,A192,A201
696,NA,6,YES,YES,A40,1236,A63,709,A73,2198,43.96,M,Umarried,A101,4,A122,50,A143,A151,1,A173,1,A191,A201
697,SILVER,12,YES,YES,A40,1103,A61,36,A74,1089,43.56,M,Umarried,A103,3,A121,29,A143,A152,2,A173,1,A191,A202
698,NA,12,YES,NO,A40,926,A61,86,A71,3469,34.69,F,Divorced,A101,2,A122,38,A143,A152,1,A171,1,A191,A201
699,NA,18,YES,NO,A40,1800,A61,9,A73,1138,45.52,M,Umarried,A101,2,A123,24,A143,A152,2,A173,1,A191,A201
700,GOLD,15,YES,YES,A46,1905,A61,38,A75,976,39.04,M,Umarried,A101,4,A123,40,A143,A151,1,A174,1,A192,A201
